,Month,CPI,InterestRate,GDP,ValAddConst,ValAddInfo,Borrowing,CommercialLoan,ConsumerLoan,Deficit,ITBPrice,ITBVol,VGTPrice,VGTVol,S&P500Price,S&P500Vol
1,2006-06-01,0.005007500000000001,0.0313152,0.01273132984447086,0.01602324745587789,0.0,-0.0040885,0.17800000000000002,0.054000000000000006,-2.3935225900259143,-0.14134242171148537,0.05867626349554074,-0.058480351953740156,-0.35729824924893816,-0.01567402323711675,0.010318556407390298
2,2006-07-01,0.0029895,0.0101215,0.01273132984447086,0.01602324745587789,0.0,0.0164957,0.201,0.078,-1.3610454304490875,-0.08783902143813438,2.328674623115578,-0.036030844774846825,0.028368794326241134,0.0025470300167306,-0.1553587302813793
3,2006-08-01,0.0024839,0.0501002,0.010429183318429585,0.0,0.014293595841352171,0.007533300000000001,0.223,0.045,-1.478173724567087,-0.021041771490252083,0.7960786083346496,0.032067068622663314,-0.368215892053973,0.013990497855627584,0.08926772160829477
4,2006-09-01,0.0054509,0.0019084000000000002,0.010429183318429585,0.0,0.014293595841352171,-0.0089659,0.177,0.055999999999999994,-2.6164156553102305,0.04641166427155627,2.381465755489674,0.0666670746195047,0.26707403891789266,0.022189110908562976,-0.029398074144677235
5,2006-10-01,0.0044357,0.0,0.010429183318429585,0.0,0.014293595841352171,-0.005699999999999999,0.222,0.07400000000000001,0.9514232300084429,0.04686740348741236,-0.43606131551514943,0.0446462961046103,0.280520039942827,0.02807563930752534,0.15901940840922227
6,2006-11-01,-0.0049068,0.0,0.009468891782269943,0.0,0.01248873652043735,0.023125800000000002,-0.015,0.049,-1.8678863358931965,0.009897306049760215,0.6440404040404042,0.03712775219701251,0.7301732925586137,0.023815713508628402,-0.025525578401235913
7,2006-12-01,-0.0044379,0.0,0.009468891782269943,0.0,0.01248873652043735,0.0372001,0.073,0.061,-1.8781134830060355,0.08959956238376103,-0.57532563283362,0.006345394820112423,-0.5581659105638367,0.014591198061154845,-0.14030716647697408
8,2007-01-01,0.0004953,-0.0019048000000000001,0.009468891782269943,0.0,0.01248873652043735,0.0152831,0.08800000000000001,0.045,0.4809513189108088,-0.0337548775942446,0.40360243055555556,0.005315041178372272,1.3181518151815181,0.01324614810751176,0.1914176866241631
9,2007-02-01,0.0054455,0.0019084000000000002,0.01068856611915227,0.010584592543802378,0.0,0.010714099999999999,0.127,0.064,-1.574477697762931,0.030144347677178072,-0.1372971530220152,0.006642141249904141,-0.26687447548255605,-0.004043752489494567,-0.08540367849670642
10,2007-03-01,0.0016592999999999998,0.0019048000000000001,0.01068856611915227,0.010584592543802378,0.0,0.010455700000000002,0.1,0.048,-0.08877290817664021,-0.13249922916076007,-0.21518707296325768,-0.027994068058999635,-0.02973314502341485,-0.005997052848755481,0.30431600044671625
11,2007-04-01,0.0038784,0.0,0.01068856611915227,0.010584592543802378,0.0,0.0041107,0.127,0.048,-4.138220525159536,-0.029291788394922247,0.6640896823749223,0.03942633806320926,-0.29361960213488597,0.026714638991852745,-0.156602005996547
12,2007-05-01,0.0052001,-0.0019011,0.010784368103220652,0.0132019548681144,0.013724477171599699,0.0023321,0.106,0.038,-0.1977031993532956,0.032841968013022846,0.0691972973782174,0.03884412076950772,0.4984373390115739,0.03781690577742779,0.13896610124022332
13,2007-06-01,0.0030007000000000002,0.0,0.010784368103220652,0.0132019548681144,0.013724477171599699,0.0083888,0.1,0.052000000000000005,-2.8455801391918563,-0.06783897890332004,0.37175927006277265,0.019177247852133806,-0.0814424325769729,0.006963176469099372,0.0056151624009649305
14,2007-07-01,0.004133,0.0,0.010784368103220652,0.0132019548681144,0.013724477171599699,-0.006272600000000001,0.175,0.046,-1.3810293008543737,-0.12242392780884731,0.5528229255774166,0.03313081736212729,0.5729969938570121,-0.024403641996363076,0.07676691752343745
15,2007-08-01,0.0023168,0.0019048000000000001,0.010945877391365731,0.010065700729406088,0.014918805736885237,0.0188159,0.157,0.062,-1.4059291865463301,-0.16069919192414808,0.5055493015095537,-0.03706927109988639,0.3024620220010477,-0.010392140840771356,0.2991910565967508
16,2007-09-01,0.0017806,-0.0456274,0.010945877391365731,0.010065700729406088,0.014918805736885237,0.020125700000000003,0.105,0.022000000000000002,-2.3262617808667807,-0.12435421549400413,-0.07014222523421827,0.038166083082790216,-0.1356808260165792,0.024423272095978072,-0.3673825060931197
17,2007-10-01,0.0003083,-0.0159363,0.010945877391365731,0.010065700729406088,0.014918805736885237,0.018116900000000002,0.24100000000000002,0.07400000000000001,2.209399950613219,-0.03911645466482869,0.17155796937300583,0.05224614523688469,0.2171607539353182,0.02531403700699081,0.3150488585825562
18,2007-11-01,0.0042376,-0.0364372,0.010400665637869217,0.0,0.015204690380759153,0.0203707,0.374,0.068,-1.9648893334359212,-0.13300590195604628,-0.3293042563153797,-0.0298385088264647,0.13228977987297005,-0.016166826240272658,0.1344912261593858
19,2007-12-01,0.0030832,-0.0567227,0.010400665637869217,0.0,0.015204690380759153,-0.0079327,0.223,0.042,-1.50358832597948,-0.018798843455263996,-0.18477573632977562,0.002621436349807377,-0.2766066838046272,-0.026079249467850403,-0.24841782810870414
20,2008-01-01,0.0078589,-0.055679299999999994,0.010400665637869217,0.0,0.015204690380759153,0.012270000000000001,0.159,0.086,0.7283859389844822,-0.09693532139818811,1.3391282980618608,-0.10920554117646922,1.6414800995024876,-0.03442005242358374,0.5191731407105062
21,2008-02-01,0.002898,-0.0707547,0.010119857674262642,0.0,0.01293091557407898,0.020294799999999998,0.204,0.054000000000000006,-1.4912661088377206,0.19622725589798465,0.021017168931783844,-0.04689465596654071,-0.4268393172454385,-0.04823083555899248,-0.20247921967063023
22,2008-03-01,0.0034477,-0.2436548,0.010119857674262642,0.0,0.01293091557407898,0.0026362,0.204,0.033,-0.6303640620791114,-0.046378559277953674,0.3569575810090757,-0.01299136562293673,0.1616348326144999,-0.020699637680556084,0.18657705695455074
23,2008-04-01,0.0024178,-0.1241611,0.010119857674262642,0.0,0.01293091557407898,0.008542600000000001,0.122,0.07400000000000001,-10.841526991423287,0.1289417103534585,0.26617883874236287,0.048066739047328305,0.3715925163944965,0.022181218617024785,-0.07737530015558675
24,2008-05-01,0.003578,-0.1264368,0.0,0.0,0.0,0.011525399999999998,0.175,0.09300000000000001,-0.7253863285544221,-0.09507473029491019,-0.5360071041974477,0.06494726308201874,-0.6356014251953784,0.027415182890855445,-0.05801616052733104
25,2008-06-01,0.0023144,-0.1315789,0.0,0.0,0.0,0.008198,0.157,0.083,-4.303783290467104,-0.1581381830198544,-0.16971163541036505,-0.01265508268630488,0.47974395687694776,-0.03830458553997524,0.192906129214199
26,2008-07-01,0.0059175,0.010101,0.0,0.0,0.0,0.0102556,0.01,0.067,-2.041718461596414,-0.10199243414491994,0.6526768878860003,-0.07333486399981809,1.10001086624685,-0.05058554916477997,0.29360670560924684
27,2008-08-01,0.0104782,0.005,0.010267007259928858,0.0,0.014034202090315872,-0.00203,0.057,0.04,-1.2021792716073936,0.08999999570053877,-0.13125648084009275,0.042413250826008844,0.20221956111431438,0.0032153416272462532,-0.3097646298140583
28,2008-09-01,0.0071414,-0.0049751,0.010267007259928858,0.0,0.014034202090315872,0.0093223,0.11,0.067,-4.063373774107968,0.1286799347355932,0.27370071103542787,-0.09193078821533493,-0.23897556136712067,-0.038421024194338294,0.622972014122364
29,2008-10-01,-0.0014885,-0.095,0.010267007259928858,0.0,0.014034202090315872,-0.0003657,0.042,0.034,0.08900717156285579,-0.2577711891236591,-0.3796403780959353,-0.2129550890386938,0.39682993554769025,-0.1309066961903908,0.14153338554012748
30,2008-11-01,0.0008551,-0.46408839999999996,0.006073087567734649,0.0,0.007885129318686662,0.0081709,0.155,0.025,-1.4086530728952589,-0.24139599551654656,-0.3002582591665543,-0.1232992583124211,0.3818311900350388,-0.1256540636644699,-0.27632325579110845
31,2008-12-01,-0.0085984,-0.5979381,0.006073087567734649,0.0,0.007885129318686662,0.11375199999999999,0.419,0.040999999999999995,-4.40081777233568,0.04873566544875738,-0.04791384658264745,-0.011816753976162582,-0.3532030225923355,-0.03917078521623627,-0.023999091822503177
32,2009-01-01,-0.0177055,-0.5897435999999999,0.006073087567734649,0.0,0.007885129318686662,0.0057729,-0.092,-0.02,-0.19501970642886077,-0.07667671603967317,-0.3622332648282772,0.015661517393689123,0.23922852159731794,-0.035153410716965164,-0.007032233929078109
33,2009-02-01,-0.0082335,-0.0625,0.0,0.0,0.0,-0.0395253,-0.17300000000000001,-0.033,-0.5866326946270397,-0.10667956132588516,0.6087693000245965,-0.014141846218629808,-0.4580757944683774,-0.09872919392068001,0.11063876519930656
34,2009-03-01,0.0025308,0.46666670000000005,0.0,0.0,0.0,-0.0248981,-0.106,0.157,0.22612744908606097,-0.07120752097290876,-0.07436924632646028,-0.015528730170679366,0.04384448247214797,-0.019728177062135515,0.30003025892142166
35,2009-04-01,0.0036427,-0.18181819999999999,0.0,0.0,0.0,-0.00032779999999999994,-0.09300000000000001,0.077,2.0549663551696424,0.25970013864615654,-0.033688867698664825,0.14854813146862653,0.40740911699585614,0.09097576521372253,-0.1420403050747005
36,2009-05-01,-0.0009873,-0.1666667,0.0,0.0,0.0,0.010436099999999999,-0.168,-0.059000000000000004,-0.011709541470862844,0.057520277000426855,0.04427669358980333,0.048509224937782904,-0.004118764731348128,0.0753000348760797,-0.05214333883642341
37,2009-06-01,0.0010071,0.2,0.0,0.0,0.0,-0.0094761,-0.162,-0.051,-0.890875780968636,-0.07446890492948711,-0.30994271838548854,0.06564850888498745,-0.36376315455813363,0.02829431204016366,-0.1440701944627259
38,2009-07-01,0.0014715,0.1666667,0.0,0.0,0.0,-0.0016677,-0.184,-0.031,8.071172334624768,0.05407530761402552,0.3267211923499127,0.03726223948634399,0.22326895902025437,0.03566736282476457,-0.053414928921206375
39,2009-08-01,0.0082996,-0.23809519999999998,0.0,0.0,0.0,-0.016225,-0.266,-0.115,-0.5026021481563504,0.2347809005552455,1.3425446066133158,0.07172386046433707,-0.07941961773305628,0.05373367903292876,0.0883707055576744
40,2009-09-01,-0.000298,0.0,0.0,0.0,0.0,-0.041386200000000005,-0.34,-0.071,0.9153627613111139,0.014036786060019213,-0.5136674675185924,0.044057696009730786,0.21619981797957316,0.03270275661509304,-0.03242980935516827
41,2009-10-01,0.0033485,-0.0625,0.0,0.0,0.0,-0.0429899,-0.284,-0.062,-0.4268596413548816,-0.06965552347413911,0.4619785735230936,0.028234896451219578,0.14312115920995935,0.006982567257816493,0.009933613540490362
42,2009-11-01,0.0019309000000000002,-0.2,0.00777707491758958,0.0,0.004820714872476339,-0.036171299999999997,-0.23800000000000002,-0.062,-0.5634493747284052,-0.024070899809753504,-0.32370210741373034,0.025362350234974202,0.09582494387743301,0.019468262869641047,-0.2506764115188484
43,2009-12-01,0.0030019,0.0,0.00777707491758958,0.0,0.004820714872476339,-0.028578899999999997,-0.27,-0.044000000000000004,2.901232110071449,-0.0071239560634690025,0.08728398331457321,0.036386536005716695,-0.12932554726026677,0.03854936871746884,0.05335041626103931
44,2010-01-01,0.0033485999999999998,0.0,0.00777707491758958,0.0,0.004820714872476339,-0.013720300000000001,-0.17800000000000002,-0.127,-0.31795784830151447,0.07501754658798147,0.06550201720331893,0.01226913919409611,0.43064290036691194,-0.01064139273247509,0.01600005272839859
45,2010-02-01,0.0005202,-0.0833333,0.011188407435523432,0.0,0.01461122549457645,-0.0163148,-0.22899999999999998,-0.11199999999999999,-0.24006750521669007,0.02688442211055282,0.3777789266880365,-0.04689178833952975,-0.21467695388420988,-0.005501225194566265,-0.0702189107175804
46,2010-03-01,0.0006487,0.18181819999999999,0.011188407435523432,0.0,0.01461122549457645,-0.1743149,-0.248,-0.043,-0.5335958866644788,0.052332776601667456,-0.6464525139209073,0.06786932317441356,-0.29077785241172716,0.044257674867888806,0.2261341885074196
47,2010-04-01,-0.0009518,0.2307692,0.011188407435523432,0.0,0.01461122549457645,-0.0195552,-0.145,-0.09300000000000001,4.181521790120561,0.0508682953301687,2.233800622272547,0.0485107163476956,0.16948071486114166,0.03654398013653346,0.12594437594005992
48,2010-05-01,0.00033140000000000003,0.25,0.009180432576765193,0.0,0.0,0.0098216,-0.17600000000000002,-0.153,-0.7040093432137214,-0.015475018767203343,1.2097674832962138,-0.06465952510993486,0.5926808649886831,-0.03389849260279443,0.09354712459304461
49,2010-06-01,0.00023,0.0,0.009180432576765193,0.0,0.0,0.13964100000000002,-0.18899999999999997,-0.14800000000000002,0.2646091730772172,-0.12738141642014839,-0.6484389430951041,-0.03020000572388519,-0.5164284873762797,-0.07022857023177703,-0.1375187819033864
50,2010-07-01,-0.0005198,-0.1,0.009180432576765193,0.0,0.0,-0.0335743,-0.08900000000000001,-0.095,0.6438341254580415,-0.06721671468112732,-0.3316778526288575,-0.005768335872145965,-0.006624307151547906,0.0069357283160337724,-0.1392161697625259
51,2010-08-01,-0.0004188,0.0,0.011344808638460982,0.011876818558053752,0.011409420754828781,-0.0228375,-0.064,-0.098,-0.49662686589125044,-0.01626458599063605,-0.10584794409434083,-0.01166010544471242,0.41868535655960815,0.011328378836105546,-0.09537919673646161
52,2010-09-01,0.0018693000000000002,0.0555556,0.011344808638460982,0.011876818558053752,0.011409420754828781,-0.0200122,-0.012,-0.039,1.4121335243050481,0.04586268223733617,0.48472293214566287,0.03648587028530132,-0.21665992887634214,0.01579144554438938,-0.07171594941580917
53,2010-10-01,0.0014613999999999999,0.0,0.011344808638460982,0.011876818558053752,0.011409420754828781,0.0042198999999999995,-0.012,-0.032,-0.451500518046812,-0.0002427970216899268,0.11823602398841941,0.06998707524659666,-0.1620642098848584,0.061996824546652674,0.12497661436283326
54,2010-11-01,0.0016152,0.0,0.010251996438404852,0.004558094515244876,0.01487220317918174,-0.014824500000000001,-0.018000000000000002,-0.125,-0.6177120385303669,-0.006658301627135093,-0.2028078719043289,0.04152066536406806,-0.015310418739952448,0.016980771462340158,-0.026639483641657174
55,2010-12-01,0.0034817999999999997,0.0,0.010251996438404852,0.004558094515244876,0.01487220317918174,-0.0031609999999999997,-0.018000000000000002,-0.08,3.057907359782703,0.0894338532319095,0.18175491503798633,0.02916444592081888,0.1352063352957389,0.03295495028883151,-0.07075690522216194
56,2011-01-01,0.0025338,-0.0526316,0.010251996438404852,0.004558094515244876,0.01487220317918174,-0.0220666,0.02,-0.057999999999999996,0.07093824769283354,0.08048162230671756,0.5925626932325662,0.03649216406868695,0.5007027292041183,0.04070794986023127,0.1380561201009625
57,2011-02-01,0.0040166,-0.0555556,0.010349788788893914,0.0,0.006782205493711572,-0.0027484,0.052000000000000005,-0.005,-0.4804712953974228,-0.008680264951338012,-0.19870508571172316,0.03457860210748137,0.12326936171285903,0.028548513718180724,-0.3574166054901137
58,2011-03-01,0.003243,-0.0588235,0.010349788788893914,0.0,0.006782205493711572,-0.048219700000000004,0.037000000000000005,-0.107,-0.3626846187319221,-0.02589649791082833,-0.16128423203477504,-0.03573994882783615,-0.10187780091230049,0.014566032657556495,0.5113493492296829
59,2011-04-01,0.0032145000000000003,-0.125,0.010349788788893914,0.0,0.006782205493711572,-0.006946,0.037000000000000005,-0.051,3.4683709534902403,0.004125685295802169,-0.160442788464893,0.010410715666998138,-0.2677521941146103,0.014549041587180242,-0.13566249763707322
60,2011-05-01,0.0051735,-0.2857143,0.00649640827208206,0.0,0.0,0.0021483,0.07,0.005,-0.15439064838409577,-0.021789770749548774,0.30690915379819134,0.007681318174451333,-0.1290999113532681,0.0064312545162225785,0.056151756851726256
61,2011-06-01,0.0046941,-0.1,0.00649640827208206,0.0,0.0,-0.0253234,0.07,0.027999999999999997,-0.7853513611190833,-0.038922647396945426,0.09468338304728037,-0.05022696549207164,-0.009095422948451577,-0.016443987237012462,0.054017930464925645
62,2011-07-01,0.0031817,0.0,0.00649640827208206,0.0,0.0,-0.0324303,0.134,-0.023,0.427216678634214,-0.006359649122806928,-0.13480000971711067,0.048151657153309275,0.2813290058079944,-0.01985112485180592,-0.05829541167587233
63,2011-08-01,0.0,-0.2222222,0.011031562244556979,0.013018061679214704,0.00981406421572417,-0.0046783,0.046,0.042,-0.25261532589649727,-0.20822999747893947,0.25308812110302525,-0.0971820429712559,0.9050861722680235,-0.038822490275940494,0.33682206037150425
64,2011-09-01,0.00262,0.4285714,0.011031562244556979,0.013018061679214704,0.00981406421572417,-0.0098809,0.10099999999999999,-0.013000000000000001,2.0031569173630457,-0.041696833861128074,-0.49443417042756915,0.0060234630862005195,-0.32082247199320174,-0.06408171405607552,-0.05194976128299082
65,2011-10-01,0.0031545,-0.2,0.011031562244556979,0.013018061679214704,0.00981406421572417,-0.0084582,0.18,-0.012,0.03684609201088301,0.0519290823007956,0.8149622751015668,0.04680799115415888,0.0033893914207380514,0.014451985686851763,-0.045950930284641554
66,2011-11-01,0.0021715000000000003,-0.125,0.008336674215996931,0.0109109896737031,0.0,-0.0154462,0.061,-0.021,-0.5322156206436415,0.0919798898731147,0.09297833831119419,0.01698577817775685,-0.3130943672275056,0.04757788833941614,-0.14060885137176693
67,2011-12-01,0.0006751999999999999,0.1428571,0.008336674215996931,0.0109109896737031,0.0,-0.0130923,0.094,-0.033,0.5691792828685259,0.07114355871261961,0.23243240080282274,-0.004196544551061393,-0.13274447159055308,0.0026221593229131604,-0.11311319305061225
68,2012-01-01,0.0018479000000000002,-0.125,0.008336674215996931,0.0109109896737031,0.0,0.0057855,0.12,0.013999999999999999,0.394410253285398,0.12549890496755842,0.9610794847568358,0.036116657776176314,0.3142065154579601,0.02665591622051456,0.06455677183629165
69,2012-02-01,0.0002377,0.1428571,0.010753469224626621,0.010477776124280722,0.007799002721500026,0.0049966,0.102,0.024,-0.37388384728554575,0.06776780599579897,-0.10507865328493131,0.08017472218351862,0.3302265185398932,0.041559223733942635,-0.014853415135515026
70,2012-03-01,0.0027242,0.25,0.010753469224626621,0.010477776124280722,0.007799002721500026,-0.019972900000000002,0.134,-0.006,-0.681191620040248,0.04488797920368604,0.13214855773166384,0.046504999287385794,0.045970234022035567,0.03593551837301492,0.07034381649410333
71,2012-04-01,0.0021374000000000002,0.3,0.010753469224626621,0.010477776124280722,0.007799002721500026,7.25e-05,0.091,-0.02,7.45320538548546,-0.00727532984814555,-0.08467065376561862,0.0032030847290611887,-0.04208333333333332,0.01153775814245712,-0.1089152208721704
72,2012-05-01,0.0020935,0.0769231,0.011266257974896927,0.013500868714102323,0.0,-0.0094655,0.05,0.046,-0.14468419394242846,0.0656631846706497,0.1733291269326267,-0.05494892360897967,0.06074055412642531,-0.034988156922818404,0.16263378673387754
73,2012-06-01,0.0016608,0.1428571,0.011266257974896927,0.013500868714102323,0.0,-0.0026673,0.155,0.001,-1.2983341491847373,-0.025628314715570477,0.1303162706393894,-0.024603007766122068,-0.34801294251325793,-0.013352059045994395,-0.061413022407029685
74,2012-07-01,-0.0020682,0.0,0.011266257974896927,0.013500868714102323,0.0,0.0093899,0.092,0.011000000000000001,-3.1082937226178595,0.11630298721743032,-0.08246968113271808,0.01228214688442042,-0.1887540621925406,0.026055048874602336,-0.10392714412562311
75,2012-08-01,-0.0008264,0.0,0.00951241221528981,0.00876433568378046,0.012117730080623813,-0.0032600000000000003,0.165,-0.004,-0.5206762091209602,0.03305380821514631,0.11335356755192229,0.05592706423084377,0.03384305642107285,0.016139916321088323,-0.03857528082325668
76,2012-09-01,0.00028879999999999997,-0.1875,0.00951241221528981,0.00876433568378046,0.012117730080623813,-0.0012363,0.135,-0.023,0.16509599772350647,0.11983611590278027,0.14772348248370393,0.03330481245522631,0.15104118621773527,0.02200731654284678,-0.007107326708668753
77,2012-10-01,0.0058094999999999996,0.0769231,0.00951241221528981,0.00876433568378046,0.012117730080623813,-0.0089488,0.10400000000000001,0.024,1.7373857824262973,0.039098662619466484,-0.12168114340712294,-0.037853505099439,0.08410216899430446,0.0020546341258514313,0.02820176693089045
78,2012-11-01,0.0047713,0.1428571,0.008852237509730307,0.004487537534311019,0.0,0.0047076,0.073,0.022000000000000002,-1.3945773173151108,0.007482817766741279,0.6005707797470675,-0.045073496285573986,0.17947184001367403,-0.00865037976708447,-0.0036655260763693775
79,2012-12-01,0.0026967999999999996,0.0,0.008852237509730307,0.004487537534311019,0.0,-0.0062377000000000005,0.125,0.02,-2.5961026868848096,0.011621017470389402,-0.15625208251475814,0.01650585630077966,0.2109376132164335,0.005002829172524896,-0.07135514386696416
80,2013-01-01,-0.0016792999999999999,0.0,0.008852237509730307,0.004487537534311019,0.0,-0.0084101,0.067,-0.003,0.43432643026792783,0.09792454215240932,0.3432657517835238,0.020540183477368218,0.11970432689191199,0.028766634538702162,0.14250021615293565
81,2013-02-01,-0.00012109999999999999,-0.125,0.008518483423039147,0.011886216180223124,0.0,-0.0008395,0.142,-0.018000000000000002,-0.9930800873849587,0.008074403216692772,-0.04056365664163023,0.008605600157155282,-0.2421570153250167,0.030260272625674524,-0.08668634360780456
82,2013-03-01,0.0019808,0.0714286,0.008518483423039147,0.011886216180223124,0.0,0.018023499999999998,0.087,0.017,-3.4231738035264483,0.04334480787984509,-0.1407448297460911,0.015558083312546185,-0.15178218850670272,0.02359273466782729,-0.010774253004179954
83,2013-04-01,0.0054299,-0.0666667,0.008518483423039147,0.011886216180223124,0.0,-0.0005679,0.051,0.040999999999999995,-71.52633402633403,-0.02631058743291908,0.3505943425726974,-0.013756894360749419,0.1999534450651769,0.026875323906123346,0.12507298206505427
84,2013-05-01,-0.0028119,0.0714286,0.011152450412258668,0.01194617093405822,0.019861400054841178,-0.0084214,0.067,0.008,-0.47661136195028964,0.09131510710592043,-0.20835990727876164,0.05793893137142379,0.14566616700467336,0.019433185126707185,-0.008440556175257465
85,2013-06-01,-0.002088,-0.2666667,0.011152450412258668,0.01194617093405822,0.019861400054841178,-0.0069876,0.061,0.024,-2.059692105510185,-0.08124410720473037,0.9348564744814992,-0.0032746461724928386,-0.08128030477949669,0.0030046714771033173,-0.019627390128487292
86,2013-07-01,0.0004142,-0.18181819999999999,0.011152450412258668,0.01194617093405822,0.019861400054841178,-0.0033629999999999997,0.024,0.045,-2.22892398727954,-0.027432687723037363,-0.24516404019408067,0.02030364336226637,0.13276660446471766,0.017764112667933245,-0.0912643490134801
87,2013-08-01,0.0023804,0.0,0.007848828039844245,0.010891860489046026,0.010141974777059604,-0.0055520000000000005,0.091,0.048,-1.8397557881382811,-0.05322811190508743,0.08207148839883988,0.025072574055512026,-0.1723334627544513,0.008156554198467272,-0.04851217543265124
88,2013-09-01,0.0019575,-0.1111111,0.007848828039844245,0.010891860489046026,0.010141974777059604,-0.0124403,0.077,-0.011000000000000001,-1.8377352984094557,0.029783753885670318,0.03736992865255797,0.020378720558612354,0.6647187597730423,-0.001471836532713619,0.02116574883095347
89,2013-10-01,0.0023873,0.0,0.007848828039844245,0.010891860489046026,0.010141974777059604,0.0034928999999999997,0.012,0.028999999999999998,0.5154666639343423,0.007445038847581136,0.033342107364783456,0.02181437027529363,0.028966682154583038,0.03660891424265259,0.15826344352749047
90,2013-11-01,0.0003769,0.125,0.011040894609994323,0.013846468709205863,0.010451781935544413,-0.0004531,0.053,0.027999999999999997,-1.5078530137588317,0.013509637196568941,-0.16984921223492294,0.03317316110551983,-0.3950116631531677,0.03651112529542094,-0.16985846878041524
91,2013-12-01,0.0005352,-0.1111111,0.011040894609994323,0.013846468709205863,0.010451781935544413,0.0125867,0.073,0.055,-2.205980243363421,0.03301364914186667,-0.3638422542595956,0.030131427849084742,0.13310615658033498,0.025361136242117055,0.020912586072305374
92,2014-01-01,0.0018445,0.125,0.011040894609994323,0.013846468709205863,0.010451781935544413,0.0054600000000000004,0.071,0.052000000000000005,0.49279138056653343,0.048410574042614604,0.36175094271046293,0.015102887541875437,0.7071367359547203,-0.00723959899254799,0.16800012684959487
93,2014-02-01,0.0026441999999999998,-0.2222222,0.01119987244752695,0.012232480857540529,0.013803373816285887,0.0041413,0.12,0.047,-1.3935633679913626,0.028304131783114687,-0.046943582414207846,0.00894230863478402,0.10423091314950776,0.0037702198417342665,-0.08100916399758487
94,2014-03-01,0.0024242,0.0,0.01119987244752695,0.012232480857540529,0.013803373816285887,-0.005658,0.095,0.025,-1.192596768132281,-0.004820882545699299,-0.03336478464898337,0.02485379952752552,-0.0448825062223209,0.024131487585380675,0.03097055184473878
95,2014-04-01,0.0011007999999999999,0.1428571,0.01119987244752695,0.012232480857540529,0.013803373816285887,0.0061302,0.248,0.055999999999999994,17.881170731707318,-0.04250295826166216,-0.07282077172890762,-0.016526109344902302,-0.13258506563945902,0.007477142709813162,-0.004023368982387571
96,2014-05-01,0.0020421,0.125,0.003216258401058526,0.01181446086910744,0.0,0.024464899999999998,0.08800000000000001,0.052000000000000005,-0.8093596924539611,-0.01455365187555155,-0.020373699719122014,0.010705805487434267,-0.18218824970649783,0.013318586706982225,-0.11134981223063194
97,2014-06-01,0.0018642,0.0,0.003216258401058526,0.01181446086910744,0.0,0.0217517,0.124,0.077,-3.8961376880336087,0.03203913351065714,-0.23583347991791265,0.04524281224389588,-0.043425343673443896,0.019994961811522067,-0.0053478558202353435
98,2014-07-01,0.001903,0.1111111,0.003216258401058526,0.01181446086910744,0.0,0.0084379,0.092,0.075,-2.21635330781541,-0.018088399227034997,0.08390302386708386,0.030175358050579065,-0.03170562798808916,0.0022811225398491073,0.05121897724173393
99,2014-08-01,0.0013211,-0.1,0.012309517387602846,0.013238059730948295,0.0094711590681752,0.0346821,0.095,0.059000000000000004,-1.5425748820890814,-0.026698961855964966,-0.18873064610625964,0.007507307896481966,0.1657956378878757,0.01032889116320282,-0.12617195209778506
100,2014-09-01,0.0011255,0.0,0.012309517387602846,0.013238059730948295,0.0094711590681752,0.013322400000000002,0.125,0.057999999999999996,-2.341780229441711,0.013802730764490801,0.24627321496507956,0.02067017053753972,-0.04660269934394955,0.010980949340312856,0.14750889110380427
101,2014-10-01,-0.00016,0.0,0.012309517387602846,0.013238059730948295,0.0094711590681752,0.0070871,0.11900000000000001,0.040999999999999995,0.35992010230287147,-0.021953177341614685,0.4124907854083242,-0.03727539952810988,0.45266038033016787,0.0033020161779945038,0.40488171978532667
102,2014-11-01,7.159999999999999e-05,0.0,0.01177102918896883,0.013075712042939724,0.008346255507288654,0.0057329,0.098,0.034,-1.822237074224609,0.09078330199026409,-0.3913028399096209,0.07063426791843179,-0.40938263062629426,0.02413341811643445,-0.32133765655605073
103,2014-12-01,-0.00019789999999999999,0.0,0.01177102918896883,0.013075712042939724,0.008346255507288654,0.020590099999999997,0.035,-0.027000000000000003,-2.150373807926051,0.007669412294312315,-0.15855152911604525,0.011201718968224151,0.33391051982285014,0.009523274880753236,0.26955312554883876
104,2015-01-01,-0.0018827,0.33333329999999994,0.01177102918896883,0.013075712042939724,0.008346255507288654,-0.0013302,0.145,0.052000000000000005,-0.5331805148176448,0.009694632191390766,2.189780100804068,-0.02405564944614614,0.3849462093725903,-0.017162553260911536,-0.04227914904199479
105,2015-02-01,-0.0030846000000000003,-0.0833333,0.008461230588501505,0.012886988864237019,0.007585568180289952,0.0047403,0.149,0.042,-1.032806504980816,0.061915136915488465,-0.42493654325924984,0.03660618133941725,0.060273129960270386,0.011662909763115063,-0.11062298687547556
106,2015-03-01,-0.0063703,0.0,0.008461230588501505,0.012886988864237019,0.007585568180289952,0.0107024,0.122,0.022000000000000002,-9.045064377682403,0.00912773205876027,-0.24877314500670072,0.008971766870519282,-0.2004409657748573,0.017543732210094923,0.11487060228953425
107,2015-04-01,0.0025346,0.0,0.008461230588501505,0.012886988864237019,0.007585568180289952,-0.009966899999999999,0.096,0.028999999999999998,11.827353961056282,0.01258257823757808,0.18998450893489624,0.002685745262912615,-0.28175705538584295,-0.004787780032217653,-0.060187268872793714
108,2015-05-01,0.0026939999999999998,0.09090909999999999,0.009456010845123713,0.013186157818823551,0.014764056312265118,0.020628099999999996,0.151,0.027999999999999997,-0.7249410740835625,-0.036732376996879854,-0.27001258274393525,0.017862323399148276,-0.18376574425982342,0.01002371315981109,-0.09538052098682032
109,2015-06-01,0.0010425,0.0,0.009456010845123713,0.013186157818823551,0.014764056312265118,0.0078981,0.084,0.095,-3.9618956895062376,0.016164613874819354,0.0004398901663711057,-0.00133696032777615,0.09525086413041478,-0.005487732874329762,0.1231251648124578
110,2015-07-01,0.0032977,0.0833333,0.009456010845123713,0.013186157818823551,0.014764056312265118,0.0032329000000000004,0.10300000000000001,0.06,-1.5257043862270263,0.023526544224351093,0.04582565792518671,-0.013503707107535784,0.04883120367575548,-0.0002181127824054837,0.06428567330993343
111,2015-08-01,0.0027679,0.0,0.010618284568464125,0.013424766701104783,0.012885142038551402,0.0030039,0.10800000000000001,0.054000000000000006,-1.6284589309535444,0.014670623264162162,0.44726396142803543,-0.026268396929407287,0.6215935547627421,-0.022578195762273004,0.08606454340245627
112,2015-09-01,0.0015863,0.0769231,0.010618284568464125,0.013424766701104783,0.012885142038551402,-0.0028731,0.059000000000000004,0.073,-3.881401539693603,-0.018934974766688373,-0.011599907311796376,-0.032966042183264474,-0.3253455078810915,-0.0457603992931835,-0.05479848638947549
113,2015-10-01,-4.2000000000000004e-06,0.0,0.010618284568464125,0.013424766701104783,0.012885142038551402,0.0007266,0.09,0.07200000000000001,-0.5681887771212889,-0.007933250637242336,-0.04178738149092837,0.0446175682231837,-0.045849130659896736,0.0279914594254052,0.07320385196182942
114,2015-11-01,-0.0022475999999999998,-0.1428571,0.008735251344691341,0.012476285705696786,0.013190508174745937,-0.0151001,0.075,0.08,-2.413533004981177,0.010759743239557874,-0.22332683288023886,0.0451610890643429,0.08268008393450656,0.040549982542667395,-0.11533952512030418
115,2015-12-01,0.0009895,0.0,0.008735251344691341,0.012476285705696786,0.013190508174745937,0.0457681,0.091,0.085,-2.4993552439685516,-0.004512737386781229,-0.1795050372177525,-0.007890302892179955,0.07449591226687763,-0.008242885929425018,0.10146570632228474
116,2016-01-01,0.0011945999999999999,1.0,0.008735251344691341,0.012476285705696786,0.013190508174745937,0.0031805,0.1,0.061,-0.5271959725331481,-0.121072901301579,1.1989062794577492,-0.0869148817853632,0.804125404422541,-0.03596671001697939,0.1047290794921557
117,2016-02-01,-0.0010756000000000001,0.41666670000000006,0.005668192591751914,0.011536494023496784,0.01260743661108667,-0.0001758,0.040999999999999995,0.076,-0.7762464665004517,-0.03567456025101689,-0.3103541868429641,-0.019104593921400355,-0.15230262879933756,-0.027465544691001265,0.006923402146764352
118,2016-03-01,-0.0004584,0.11764709999999999,0.005668192591751914,0.011536494023496784,0.01260743661108667,0.0023474999999999998,0.067,0.095,-4.81912925405917,0.11340626723286208,-0.23318368470617162,0.07415518378869872,-0.2936141785089218,0.032994166088990404,-0.004407758618095561
119,2016-04-01,-0.0013297,-0.0526316,0.005668192591751914,0.011536494023496784,0.01260743661108667,0.014331799999999999,0.114,0.038,-4.491706294021403,0.05217816286069959,-0.1961327090207743,0.02432011890831156,-0.1627652974587274,0.0312973559989,-0.12429298456315897
120,2016-05-01,0.0031347999999999997,0.0277778,0.00789722703511243,0.0132728903009141,0.013549829566262654,0.012111700000000001,0.057999999999999996,0.10400000000000001,-0.43907125244461137,-0.025545758804057735,0.28921203999704753,-0.02676797409074379,-0.03952725886389617,0.010237875868651592,-0.027628847781676152
121,2016-06-01,0.0038306,0.0,0.00789722703511243,0.0132728903009141,0.013549829566262654,0.0031596999999999997,0.08199999999999999,0.07400000000000001,-1.9852756507427944,0.024682116771202797,0.1567999336941447,0.021644525562309117,0.14674883410097667,0.006887451820482311,0.10102353340871867
122,2016-07-01,0.0023641,0.027027000000000002,0.00789722703511243,0.0132728903009141,0.013549829566262654,0.0085409,0.08800000000000001,0.066,-1.4932502542096924,0.06309970325625792,-0.15853294809592156,0.030902792132069024,0.23636423709773344,0.019113751450710665,-0.19944630391455878
123,2016-08-01,0.0027760000000000003,0.0263158,0.010009158276702979,0.010390857349657579,0.007591761617622456,-0.0031051,0.017,0.075,-1.1190686629080435,-0.005864778870473056,-0.36621560881242843,0.05208867818986432,-0.3655839491624639,0.016653560289271015,0.0874448171838876
124,2016-09-01,-0.0005036999999999999,0.025640999999999997,0.010009158276702979,0.010390857349657579,0.007591761617622456,0.0079862,0.042,0.07400000000000001,-19.04470011884938,-0.03318664468142025,0.26537149826621775,0.014352574785719342,0.9156208005145101,-0.0010358313925248124,0.018692027581952778
125,2016-10-01,0.0018492,0.0,0.010009158276702979,0.010390857349657579,0.007591761617622456,0.0036364,-0.037000000000000005,0.068,-0.050557556763331145,-0.04202626723347586,-0.02010979235741397,0.009267550566722823,-0.24566220985413229,-0.011319042513303911,-0.05333545735710682
126,2016-11-01,0.0026232,0.0,0.009888665053123868,0.011382598875393817,0.01093325979856683,0.00031440000000000005,0.111,0.037000000000000005,-1.3114462077806635,-0.0017270207954990673,0.22683182416637562,-0.0024440168244594697,0.3260080866814067,0.008626077075880052,0.2129841201181696
127,2016-12-01,0.0023427,0.025,0.009888665053123868,0.011382598875393817,0.01093325979856683,-0.004178299999999999,0.09,0.06,-2.324726355379762,0.05016140723886269,-0.06749099692440542,0.02090569015239412,-0.18655747068198356,0.02576782597577581,-0.14812339547865586
128,2017-01-01,0.0011788999999999999,0.3170732,0.009888665053123868,0.011382598875393817,0.01093325979856683,-0.005027500000000001,0.019,0.05,2.092187577972961,0.009725469188581333,-0.0754379416323873,0.027133192536376506,0.27142751981879953,0.02059927573777866,-0.06328433841598363
129,2017-02-01,0.0025245000000000003,0.20370370000000002,0.010136008450392437,0.014027158166999317,0.007235715035149846,-7.5e-05,-0.031,0.059000000000000004,-0.7986411796797851,0.042592876111549056,-0.29577149840858735,0.04587667608038153,-0.16734391697953083,0.026220365163037895,-0.01863908653910187
130,2017-03-01,0.0040431,0.0153846,0.010136008450392437,0.014027158166999317,0.007235715035149846,-0.0043059,-0.008,0.045,-2.8628271875783127,0.07300128227487584,0.4467278661715134,0.026897201149183054,-0.11170525854752374,0.020136640558242075,0.17907741361870053
131,2017-04-01,0.0015926999999999998,0.1969697,0.010136008450392437,0.014027158166999317,0.007235715035149846,0.018367599999999998,0.0,0.022000000000000002,-4.746684350687943,0.013582719590042083,0.09529396138027554,0.00526033643452503,0.033098877645149676,0.0007780522499330787,-0.19952669480717394
132,2017-05-01,-0.00046719999999999997,0.1392405,0.009996698910400654,0.012914408114756793,0.007025755460521066,-0.0084771,-0.09300000000000001,0.022000000000000002,-0.08233582779795098,0.013710251393875607,-0.24724312938960652,0.05039794481981627,0.36292891812372335,0.011326146952997392,0.21951400844364666
133,2017-06-01,0.0012342,0.0111111,0.009996698910400654,0.012914408114756793,0.007025755460521066,-0.0060037,0.003,0.02,-2.035156616868273,0.027935503999484784,0.619926184045032,0.014812462382919514,-0.010735745542420445,0.008074446306346027,0.01705167094709372
134,2017-07-01,-0.000774,0.1428571,0.009996698910400654,0.012914408114756793,0.007025755460521066,-0.0010073999999999999,0.026000000000000002,0.026000000000000002,-1.484717074258699,0.02373306858459051,-0.1375734425595178,0.008712426433348637,-0.19407046124136568,0.01294262323825861,-0.21868500536700033
135,2017-08-01,0.0006516,0.1057692,0.009369024340049489,0.00817415020453985,0.009884129249191645,0.0011681999999999999,0.01,0.006999999999999999,0.020437391939368298,-0.006000788243077052,-0.3956325017693988,0.014645508600458663,-0.1932678948262833,0.009600782292810316,0.11739596253020415
136,2017-09-01,0.0003276,0.008695699999999999,0.009369024340049489,0.00817415020453985,0.009884129249191645,0.0119677,0.02,0.059000000000000004,-0.5241287923936971,0.02589599425981698,0.7675510556841565,0.022305890891544836,0.11886382400077698,0.00909927335185644,-0.05878061563977628
137,2017-10-01,0.0038485999999999998,-0.0086207,0.009369024340049489,0.00817415020453985,0.009884129249191645,0.0301593,0.046,0.043,1.5079258898584342,0.08758215968896876,-0.35838068591975464,0.03704359402874773,0.16955236342762256,0.020561564867438202,0.06700921528119246
138,2017-11-01,0.0051064,0.0,0.010931893235203312,0.011737300297188651,0.011961613448098209,-0.00043200000000000004,0.107,0.076,-1.0742889201126546,0.0725820576291134,0.14444748978963434,0.05526104427676984,-0.029306409885110806,0.026357526406160858,0.03275365723453355
139,2017-12-01,0.0007750999999999999,0.008695699999999999,0.010931893235203312,0.011737300297188651,0.011961613448098209,-0.007015400000000001,0.052000000000000005,0.05,-8.901670330012974,0.05540668196304179,-0.36669022121565126,-0.0018420599558327338,0.31677868157407113,0.016808200165649947,-0.10740379334693237
140,2018-01-01,0.002668,0.1206897,0.010931893235203312,0.011737300297188651,0.011961613448098209,0.0124971,-0.043,0.083,1.19172016387293,0.049665304562735026,1.2347443089994536,0.05454508556283639,0.02464847099341611,0.03550293712608847,0.17986699566774553
141,2018-02-01,0.0021069,0.0846154,0.012049219143284898,0.012281117611290786,0.012386557579862354,0.0168593,-0.008,0.042,-0.8325948147864244,-0.10261439084467061,0.2351708816022753,-0.011163904460806538,0.4944888815927296,0.0041288832834575125,0.03382468068199293
142,2018-03-01,0.0042533,0.0070922,0.012049219143284898,0.012281117611290786,0.012386557579862354,0.0048502,0.024,0.052000000000000005,-3.1228186528189172,-0.024094357999576863,-0.38961659383287117,0.03304832127525899,0.024057360363092823,-0.03149749019698323,-0.03915832029861647
143,2018-04-01,0.0026923000000000003,0.0633803,0.012049219143284898,0.012281117611290786,0.012386557579862354,0.0050895,0.008,0.021,-5.37178880145397,-0.004162804689718288,0.08235181107482221,-0.031940383381926556,-0.4650541450356911,-0.013926219830976062,-0.08605280279423347
144,2018-05-01,0.00019240000000000001,0.1192053,0.011330546219680724,0.011926799755318353,0.007699983133712424,-0.028697900000000002,0.055999999999999994,0.035,-0.030220570698992155,-0.021501827738109432,0.05539151128706627,0.0473396512990199,-0.13556540221437832,0.012634664583925098,0.08287121392355833
145,2018-06-01,0.0026044,0.0059172,0.011330546219680724,0.011926799755318353,0.007699983133712424,-0.0241493,0.111,0.039,-2.026404992077349,0.012125704395853061,-0.0701193760113177,0.035523883530899115,0.33418050547273226,0.01661111943869483,0.024726943783216875
146,2018-07-01,0.0022578999999999998,0.0705882,0.011330546219680724,0.011926799755318353,0.007699983133712424,0.014273800000000001,0.037000000000000005,0.033,-1.6851479101381068,-0.008105792604576318,0.005339028296849957,0.008847887142360369,-0.27168964780515065,0.0154807499162801,-0.16681002873746203
147,2018-08-01,0.0009011,0.0494505,0.010747412393238056,0.01029824961615168,0.015141301777899003,-0.0033245999999999996,0.099,0.046,-0.49005583005069947,-0.022609459922583522,-0.34934392750587157,0.0338788115913978,0.2759800894083088,0.03648636037644869,0.07126180500875987
148,2018-09-01,0.0007808,0.0,0.010747412393238056,0.01029824961615168,0.015141301777899003,-0.0116621,0.07400000000000001,0.017,0.026813960602336824,-0.013929457854252944,0.5551299416925191,0.031570228362938095,-0.09504210543312623,0.015421069443639721,-0.09337274662928435
149,2018-10-01,0.0017873,0.0209424,0.010747412393238056,0.01029824961615168,0.015141301777899003,-0.020925199999999998,0.027000000000000003,0.04,1.7860129527784794,-0.1346436320288596,0.8825069227431231,-0.051361818671523396,0.7476865373093399,-0.029755928258698376,0.4584924270416495
150,2018-11-01,0.0020623,0.12307689999999999,0.01019083503291427,0.010372579393676511,0.010778546805303435,-0.008054,0.09,0.043,-1.5562334125177117,-0.020069551961843023,-0.4220211161744959,-0.04889928455900491,-0.09787576527920992,-0.028428374481082347,-0.12303752228030203
151,2018-12-01,0.0023396,0.0045662,0.01019083503291427,0.010372579393676511,0.010778546805303435,0.015222800000000002,0.13699999999999998,0.054000000000000006,-1.8436409470845931,-0.03283748175208484,-0.12288643445338744,-0.05500777837767015,0.5128673490589517,-0.03293321199397565,0.04393648128591385
152,2019-01-01,-0.0007042,0.0318182,0.01019083503291427,0.010372579393676511,0.010778546805303435,-0.0009327000000000001,0.129,0.057,1.0390111228716006,0.06013017245037161,0.2141017202662977,0.00556219403854472,-0.1624818919205031,-0.021952492632855324,-0.03923745796508598
153,2019-02-01,0.0006849,0.0572687,0.008304946971080059,0.010688478587593937,0.0,-0.0096538,0.149,0.012,-0.9339229397576537,0.07164333189856065,-0.20706833147539186,0.09394523956231574,-0.46967392557932636,0.05901301963656712,-0.1264051005770848
154,2019-03-01,-0.0001939,0.0,0.008304946971080059,0.010688478587593937,0.0,0.007603799999999999,0.083,0.040999999999999995,-1.6413056075160066,0.0017653344106841953,0.395722665156095,0.043811139099605136,0.07820119627699815,0.026574605911025253,0.12062625099502723
155,2019-04-01,0.0023899999999999998,0.0041667,0.008304946971080059,0.010688478587593937,0.0,-0.0087363,0.03,0.055,-27.947004867139373,0.07057236613723557,-0.29937245773388843,0.061882815677591775,0.29386756541748266,0.02873264868729778,-0.11456959264352576
156,2019-05-01,0.0034738000000000004,0.0041494,0.009620658636935968,0.014202994805758842,0.01100066111728981,-0.005830699999999999,0.035,0.054000000000000006,-0.37196985437389757,0.01652322220983524,-0.2451026336042863,-0.024698182927105603,-0.04137148874251941,-0.015544127426234906,0.10215911258565193
157,2019-06-01,0.0039693,-0.0123967,0.009620658636935968,0.014202994805758842,0.01100066111728981,0.0095894,-0.046,0.062,-2.090916768600232,0.011955078441134243,0.15782355319005598,0.014431982853712787,-0.21747090267537394,-0.0019458868929744099,-0.07767058283195734
158,2019-07-01,0.0003095,-0.0041841,0.009620658636935968,0.014202994805758842,0.01100066111728981,0.0053035,0.021,0.081,-2.296085760528977,0.010288921064047189,0.028981739461313192,0.05777768954270018,-0.15075633489891843,0.04540428367942508,-0.009139006911237136
159,2019-08-01,-0.0005131000000000001,0.0084034,0.01099669322090401,0.011359836091664015,0.013718670266399047,-0.0017963999999999999,0.03,0.052000000000000005,-0.9592030414285814,0.022805617633198872,-0.2217666851125536,-0.032722226701277904,0.3270661423094831,-0.00756239174270116,0.13696632566788391
160,2019-09-01,0.0020615,-0.1125,0.01099669322090401,0.011359836091664015,0.013718670266399047,0.0174497,0.04,0.046,13.121202128014495,0.06332028290298064,0.2627522473892914,0.02568579571360185,-0.2825112341937507,-0.0035603203262607156,-0.07587266949896859
161,2019-10-01,0.0014627000000000002,-0.0422535,0.01099669322090401,0.011359836091664015,0.013718670266399047,-0.00036990000000000005,0.09699999999999999,0.076,0.6737791849224917,0.04905080067514369,0.12734121896865425,0.003736352474710998,-0.08331479880961085,0.023021704965382493,0.04774479239266973
162,2019-11-01,0.0017652000000000002,-0.1029412,0.011311534414903226,0.011275809057925917,0.010809102979094331,-0.0018107000000000002,0.037000000000000005,0.042,-1.4131269931354955,0.017173097681149406,-0.013073080142289214,0.06489628449054408,0.2233949585305484,0.028308067427859747,-0.06832187691712266
163,2019-12-01,0.0028576,-0.1530055,0.011311534414903226,0.011275809057925917,0.010809102979094331,-0.0122205,-0.002,0.037000000000000005,-2.6246389885613324,-2.9424261584423012e-05,-0.2467010516055642,0.030523595686235423,-0.07013720330726304,0.02954441872953734,-0.001174965771595382
164,2020-01-01,0.002173,0.0,0.011311534414903226,0.011275809057925917,0.010809102979094331,-0.0036796,-0.015,0.033,0.5530756027264869,0.040878653518097816,0.6062936703658035,0.06819661650046006,0.649146094190932,0.014990644648581603,0.06861255373966098
165,2020-02-01,0.0031536,0.0,0.009862381468437506,0.007595865710786856,0.009246051394781228,0.0109588,-0.067,0.044000000000000004,-0.9364457684786861,0.03794533401748573,-0.023892018811746383,0.02385045077512848,0.4867644689559845,-0.04332331222309584,0.09249316646650618
166,2020-07-01,0.0016278999999999998,0.019354800000000002,0.009862381468437506,0.007595865710786856,0.009246051394781228,-0.0161515,-0.024,0.066,1.4556895276931734,-0.019845799130961732,0.17446187920393394,0.0951371189499707,-0.3266769461398437,0.030236476238257873,0.14793989193547488
167,2020-08-01,0.0008146000000000001,0.125,0.009862381468437506,0.007595865710786856,0.009246051394781228,-0.0020918,-0.022000000000000002,0.048,6.220359958230852,0.14646624362840827,-0.2731500979865113,0.08345422829358695,-0.13514039270937478,0.06453307921593872,-0.14919930880746385
168,2020-09-01,0.005027500000000001,0.1111111,0.0,0.005345216558819501,0.007778011708761455,-0.025851700000000002,-0.282,0.013000000000000001,-0.7323319134546792,0.007856758601531455,0.3158278586741438,-0.003796605631526117,0.6576824537003151,0.01205995830754695,0.1193728072919774
169,2020-10-01,0.0043867,-0.1,0.0,0.005345216558819501,0.007778011708761455,-0.0025011,-0.177,-0.021,2.176528515100419,0.04154378380486455,0.07253487183329149,0.02876383450803925,-0.3798885675563707,-0.031236698791193257,-0.02569364054772368
170,2020-11-01,0.0023823,0.0,0.0,0.005345216558819501,0.007778011708761455,-0.0196877,-0.239,0.005,-0.3772430644904173,-0.024320997716063747,0.07122413479762181,0.01950383613477412,-0.16863881997077113,0.039363949038604074,0.12573191290361532
171,2020-12-01,0.0009884,0.0,0.0,0.0,0.0,-0.0107282,-0.27899999999999997,0.002,1.2796666733265611,0.003607077272191175,-0.34242543808412634,0.06818977182247396,-0.15083270853279937,0.06998008951025021,-0.04811492033654666
172,2021-01-01,0.0020247,0.0,0.0,0.0,0.0,-0.0169398,-0.268,0.01,-0.4886260821851295,0.0352016379536437,0.44633190964363484,0.03078789015131255,0.48812295330365035,0.010390507093783141,0.10108483800062422
173,2021-02-01,0.0046853,0.0,0.0,0.0,0.0,-0.010018899999999999,-0.212,0.032,-0.01172974405285691,0.07281733984053368,-0.2870576918537403,0.036641368693722434,-0.27376796176148877,0.0084865622624873,-0.06629877362704466
174,2021-03-01,0.002347,-0.1111111,0.0205752223538424,0.01757093385952208,0.018721886163348335,-0.0303233,-0.121,0.026000000000000002,0.13422854290642855,0.030580978666495263,0.30377451960389656,-0.038713972653764944,0.13433560825430318,0.03620637753003344,0.23504526337292062
175,2021-04-01,0.0037617,-0.125,0.0205752223538424,0.01757093385952208,0.018721886163348335,0.027289599999999997,0.109,0.02,0.9094588771649963,0.11448587693184546,-0.35313383173144647,0.07071859113107913,-0.29185184708184997,0.04587737703125964,-0.3207215099310581
176,2021-05-01,0.00484,0.0,0.0205752223538424,0.01757093385952208,0.018721886163348335,0.0057347000000000006,-0.003,0.023,1.121405820146235,0.015637929521797662,0.34079913952140883,-0.03675045514374455,0.045766473397394924,0.027176566205035627,0.0625302484514417
177,2021-06-01,0.0066286,-0.1428571,0.012029764076903093,0.012547912119666998,0.011306843167510955,0.0156372,-0.145,0.002,-0.6580013238205035,-0.05188414500076345,0.10203599102223752,0.04821095732480005,0.07559212452114589,0.014045845054685915,0.16102831167731296
178,2021-07-01,0.0066524,0.33333329999999994,0.012029764076903093,0.012547912119666998,0.011306843167510955,-0.0239217,-0.051,0.152,-0.41504841363814626,-0.002139426272876743,0.010785257168698993,0.06005179049146454,0.4622867378968549,0.021372950213006354,-0.1783481032273114
179,2021-08-01,0.007878699999999999,0.25,0.012029764076903093,0.012547912119666998,0.011306843167510955,-0.0279735,-0.298,0.11599999999999999,0.3198674292247773,0.05456695581020478,-0.24695728997095154,0.024309905054082995,-0.3608739043122366,0.02685724107568425,-0.04456509844684545
180,2021-09-01,0.0044537,-0.1,0.013775026597357744,0.01280900245599891,0.014830203719101327,0.0120105,-0.136,0.107,0.7343220832090284,-0.03011432918883553,0.013504672327004886,0.007242799954826815,0.5639622367553071,-0.010437289557238688,0.062460279878103014
181,2021-10-01,0.0040697,-0.1111111,0.013775026597357744,0.01280900245599891,0.014830203719101327,0.0113753,-0.109,0.11,-0.43507903397984365,-0.015664721379654963,0.11937031244826786,-0.006521287567118673,-0.18729151354101883,0.00975519236718024,-0.061678128294940446
182,2021-11-01,0.0042438,0.0,0.013775026597357744,0.01280900245599891,0.014830203719101327,0.0017444000000000001,-0.06,0.068,-0.6393214983479486,0.09848984833719351,0.006837719855311492,0.07314724536508642,0.10504804556719848,0.028588280566414714,0.09987389973783108
183,2021-12-01,0.0091013,0.0,0.014522296256935909,0.008176992815023881,0.016290526066481587,0.013044100000000001,0.018000000000000002,0.10800000000000001,1.6818973938421002,0.05818859693954678,0.21867711211963614,0.008565364098578188,-0.178493731332606,0.020852887846763292,0.05076921822015561
184,2022-01-01,0.0079162,0.0,0.014522296256935909,0.008176992815023881,0.016290526066481587,0.0045728,0.066,0.13,0.15921732250819648,-0.07466226493857922,0.5412849041025432,-0.05832163406982815,1.9586765297538498,-0.008038217312413184,0.030325655432690266
185,2022-02-01,0.0078074,0.0,0.014522296256935909,0.008176992815023881,0.016290526066481587,-0.0152688,0.192,0.11800000000000001,-0.8886605957428698,-0.09049402329465685,-0.05992467337643279,-0.03584244034727263,-0.3626640123972465,-0.04305934235997153,-0.030296069949328656
186,2022-03-01,0.006095000000000001,0.0,0.013207345926467749,0.00705969358828735,0.010695039480144277,-0.0219151,0.057,0.102,-6.571897718514587,-0.0449977316632392,-0.061536338012139556,-0.028115012339066162,-0.2959826128944927,4.5570310341205365e-06,0.3332180108907407
187,2022-04-01,0.007116099999999999,1.5,0.013207345926467749,0.00705969358828735,0.010695039480144277,-0.0191024,0.053,0.11800000000000001,-2.824699540201921,-0.0959808001535104,0.10940996124806,-0.019151933048295863,0.0417089962776295,-0.02488323399645953,-0.268550581782079
188,2022-05-01,0.0100559,0.65,0.013207345926467749,0.00705969358828735,0.010695039480144277,0.0066416,0.182,0.175,-0.11038087061909166,-0.004353652482778444,-0.01070535596789045,-0.09764416711629355,0.6276271658402981,-0.04721845368848927,0.20463640604887756
189,2022-06-01,0.0039621,1.3333332999999998,0.015131903366904408,0.014399302306731643,0.014877972948138996,-0.0189718,0.154,0.136,-2.5996016339343218,-0.05541452469151696,-0.13040644350295644,-0.03553187413286148,-0.32322587509309497,-0.039647781893365826,-0.025203657638926336
190,2022-07-01,0.0092062,0.5714286,0.015131903366904408,0.014399302306731643,0.014877972948138996,0.0089055,0.203,0.115,-1.2148582911438357,0.053003925848080315,-0.1738928915607361,0.009929349363480573,-0.3398981292249646,-0.0030080842728670604,-0.23020304719209633
191,2022-08-01,0.0118791,0.3884298,0.015131903366904408,0.014399302306731643,0.014877972948138996,0.012777,0.29,0.132,0.3415596030018521,0.040345149559514716,-0.25339659949990223,0.09120504561207537,-0.13501858309247344,0.019730011569608588,0.1293211808003886
192,2022-09-01,-0.0003393,0.3869048,0.01149537305986949,0.01205951911630698,0.0,0.0345633,0.153,0.11900000000000001,1.375598446030973,-0.09601586860993491,0.04545647802700819,-0.10910575745821399,1.3438031361045624,-0.06755970264255363,0.021556849229315025
193,2022-10-01,0.0023487,0.0987124,0.01149537305986949,0.01205951911630698,0.0,-0.0017235,0.10300000000000001,0.08,0.04048523877434241,-0.002197311577117073,0.0017758347524760942,-0.05119959295351888,-0.25921923163671906,-0.005395931786821332,0.016794597511784148
194,2022-11-01,0.004127700000000001,0.203125,0.01149537305986949,0.01205951911630698,0.0,0.0323083,0.095,0.087,0.9566522500737024,0.0631517123970328,-0.1891091403314992,0.04531312942821996,0.0050491595306058025,0.06684792567502419,-0.03289215534852734
195,2022-12-01,0.004883,0.2272727,0.012720317984482444,0.005453828356907262,0.008556167819104482,0.015464,0.11199999999999999,0.08800000000000001,-0.795663822390147,0.058100715628269226,-0.12284493098564242,-0.0007749576578585784,0.04542241520770492,-0.006923195227854755,-0.08009525216432897
196,2023-01-01,0.0020504,0.0846561,0.012720317984482444,0.005453828356907262,0.008556167819104482,0.026375799999999998,0.077,0.052000000000000005,1.8307631610773263,0.06964993213914968,0.11948195252341261,0.008181659268644774,-0.07074400970762429,0.0004100405775808022,-0.05261648390667704
197,2023-02-01,0.0013128,0.0560976,0.012720317984482444,0.005453828356907262,0.008556167819104482,0.0324844,0.032,0.035,-0.6579927278026614,0.060013518375968314,0.334607932725946,0.08158793347967064,-0.17300977810329568,0.013913160345716878,-0.004600203977499328
198,2023-03-01,0.0051707,0.0554273,0.012080660315059492,0.012857859807168866,0.01551528149505538,0.018338300000000002,0.032,0.07,-0.54372428521622,-0.020984567925413693,0.0407758279456392,0.007596116871285094,0.10183421022728766,0.004033493750296011,0.40678682082408907
199,2023-04-01,0.0037001,0.0175055,0.012080660315059492,0.012857859807168866,0.01551528149505538,0.0177426,-0.027999999999999997,0.061,5.766588981653517,0.05628630611260052,-0.29070677464448286,0.042463544249447725,-0.17471601080623633,0.024654856134693957,-0.37343485288448275
200,2023-05-01,0.0005304,0.0387097,0.012080660315059492,0.012857859807168866,0.01551528149505538,0.1662419,0.013000000000000001,0.073,0.4406538115281185,0.052961870483645666,0.06787580538235899,0.03819091488425311,-0.1654489378545981,0.009059821029649404,0.25497627335443934
201,2023-06-01,0.0036778,0.047618999999999995,0.011675909229214763,0.015295118553244676,0.011736525976358323,0.0622051,-0.028999999999999998,0.057999999999999996,-1.4659926651668196,0.06663335736677503,-0.03013641300831376,0.09212574517923314,0.3504007347941695,0.03435996211399157,-0.010638350508044602
202,2023-07-01,0.0012413,0.0039526,0.011675909229214763,0.015295118553244676,0.011736525976358323,0.0016145,-0.026000000000000002,0.06,-2.364213653384661,0.079388811064406,0.06678356181494557,0.04038241297680893,-0.028132234572633228,0.04703011771872289,-0.14684563428856937
203,2023-08-01,0.0018035000000000002,0.007873999999999999,0.011675909229214763,0.015295118553244676,0.011736525976358323,-0.0163324,-0.021,0.03,-0.05234000106762135,-0.008280548628839491,0.42001325846278276,-0.03482638852293807,-0.02427325879725134,0.005205000896858133,0.1569027166441079
204,2023-09-01,0.0016686000000000001,0.0410156,0.01153383858107877,0.011760988663853358,0.012630065934153435,-0.0331905,-0.006999999999999999,0.024,-0.03067288877593115,-0.04747158274926333,0.07340394429254568,-0.009512842163097878,-0.19116168698886957,-0.02947676430639756,-0.15381982804860664
