,Month,Total nonfarm,Total private,Mining and logging,Construction,Manufacturing,Wholesale trade,Retail trade,Transportation and warehousing,Utilities,Information,Financial activities,Professional and business services,Private education and health services,Leisure and hospitality,Other services,Government,Federal government,State government,Local government
0,2003-10-01,0.0,133.0,3.0,1.0,-13.0,-0.2999999999992724,18.700000000000728,9.199999999999818,-0.10000000000002274,-7.0,-10.0,22.0,59.0,51.0,-1.0,54.0,-7.0,7.0,54.0
1,2003-11-01,0.0,66.0,3.0,12.0,-18.0,2.0999999999994543,-24.0,3.5,-1.5,-5.0,-7.0,38.0,36.0,25.0,2.0,-23.0,-14.0,1.0,-10.0
2,2003-12-01,0.0,102.0,-1.0,31.0,-16.0,12.199999999999818,-2.5,-13.199999999999818,-0.7000000000000455,0.0,-7.0,27.0,38.0,36.0,-1.0,11.0,12.0,-7.0,6.0
3,2004-01-01,0.0,178.0,1.0,21.0,-10.0,11.400000000000546,43.100000000000364,30.099999999999454,-0.599999999999909,-9.0,2.0,29.0,32.0,26.0,2.0,-8.0,-8.0,-16.0,16.0
4,2004-02-01,0.0,45.0,1.0,-10.0,-11.0,5.699999999999818,-0.9000000000014552,4.600000000000364,-1.5,0.0,0.0,13.0,18.0,26.0,0.0,12.0,-1.0,2.0,11.0
5,2004-03-01,0.0,279.0,7.0,49.0,8.0,6.600000000000364,49.5,16.699999999999818,0.1999999999999318,-7.0,7.0,27.0,49.0,53.0,13.0,38.0,0.0,6.0,32.0
6,2004-04-01,0.0,245.0,3.0,14.0,28.0,20.199999999999818,20.0,-6.199999999999818,-0.1999999999999318,-4.0,12.0,112.0,35.0,10.0,1.0,26.0,22.0,0.0,4.0
7,2004-05-01,0.0,284.0,4.0,47.0,27.0,2.5,15.100000000000364,12.899999999999636,-1.5,5.0,18.0,73.0,35.0,46.0,0.0,0.0,-23.0,-2.0,25.0
8,2004-06-01,0.0,108.0,0.0,14.0,-10.0,4.300000000000182,22.899999999999636,14.600000000000364,-1.5,1.0,1.0,32.0,15.0,14.0,1.0,-13.0,0.0,7.0,-20.0
9,2004-07-01,0.0,55.0,3.0,15.0,-2.0,8.5,-16.599999999998545,9.699999999999818,-1.7000000000000455,-12.0,-17.0,40.0,34.0,0.0,-6.0,5.0,-1.0,4.0,2.0
10,2004-08-01,0.0,67.0,1.0,26.0,15.0,8.399999999999636,1.5999999999985448,6.300000000000182,-3.2999999999999545,-16.0,8.0,-2.0,36.0,-10.0,-4.0,20.0,0.0,3.0,17.0
11,2004-09-01,0.0,137.0,2.0,26.0,-14.0,12.699999999999818,23.400000000001455,12.300000000000182,-0.5,-12.0,13.0,23.0,-9.0,65.0,-5.0,9.0,0.0,0.0,9.0
12,2004-10-01,0.0,330.0,-3.0,48.0,1.0,4.600000000000364,28.099999999998545,9.299999999999272,-1.8000000000000682,3.0,-5.0,119.0,103.0,32.0,-8.0,21.0,-5.0,8.0,18.0
13,2004-11-01,0.0,40.0,5.0,14.0,-25.0,1.5999999999994543,21.400000000001455,-1.5999999999994543,-2.7999999999999545,-11.0,2.0,-18.0,27.0,24.0,3.0,36.0,3.0,5.0,28.0
14,2004-12-01,0.0,123.0,2.0,26.0,-20.0,13.700000000000728,-6.700000000000728,17.800000000000182,0.0,-11.0,16.0,16.0,45.0,24.0,0.0,1.0,1.0,-3.0,3.0
15,2005-01-01,0.0,103.0,6.0,-22.0,-30.0,-6.100000000000364,19.0,9.099999999999454,1.8999999999999773,-6.0,10.0,54.0,34.0,35.0,-2.0,42.0,-1.0,24.0,19.0
16,2005-02-01,0.0,246.0,3.0,58.0,16.0,13.399999999999636,40.20000000000073,13.300000000000182,-0.2999999999999545,-14.0,3.0,84.0,10.0,25.0,-5.0,9.0,1.0,-4.0,12.0
17,2005-03-01,0.0,124.0,6.0,28.0,-4.0,9.700000000000728,2.7999999999992724,9.800000000000182,-2.2000000000000455,5.0,-7.0,29.0,26.0,28.0,-7.0,-4.0,5.0,-2.0,-7.0
18,2005-04-01,0.0,349.0,4.0,85.0,-19.0,11.099999999999454,49.70000000000073,15.199999999999818,-0.2999999999999545,4.0,11.0,60.0,38.0,84.0,6.0,14.0,-8.0,6.0,16.0
19,2005-05-01,0.0,144.0,2.0,28.0,6.0,12.199999999999818,16.0,9.699999999999818,-0.8000000000000682,-4.0,4.0,23.0,61.0,-5.0,-8.0,27.0,9.0,3.0,15.0
20,2005-06-01,0.0,271.0,3.0,39.0,-29.0,10.700000000000728,34.599999999998545,0.6999999999998181,-0.5,-5.0,18.0,89.0,57.0,40.0,13.0,-18.0,-1.0,7.0,-24.0
21,2005-07-01,0.0,263.0,1.0,20.0,-1.0,10.0,41.0,12.5,0.39999999999997726,4.0,19.0,66.0,54.0,30.0,6.0,94.0,-5.0,11.0,88.0
22,2005-08-01,4243.0,192.0,4.0,41.0,-23.0,10.099999999999454,16.0,5.0,0.5,2.0,24.0,59.0,34.0,24.0,-4.0,6.0,3.0,-2.0,5.0
23,2005-09-01,56.0,74.0,6.0,21.0,-28.0,5.600000000000364,-27.19999999999891,3.100000000000364,-1.099999999999909,7.0,9.0,70.0,39.0,-29.0,-2.0,-18.0,1.0,2.0,-21.0
24,2005-10-01,93.0,109.0,4.0,45.0,17.0,8.800000000000182,-3.3000000000010914,6.800000000000182,0.0,-15.0,35.0,21.0,23.0,-22.0,-11.0,-16.0,3.0,-3.0,-16.0
25,2005-11-01,357.0,327.0,7.0,64.0,-5.0,11.599999999999454,31.900000000001455,13.199999999999818,-0.900000000000091,0.0,22.0,79.0,52.0,44.0,8.0,30.0,4.0,8.0,18.0
26,2005-12-01,160.0,140.0,3.0,9.0,6.0,12.300000000000182,6.5,4.800000000000182,-1.6999999999999318,-3.0,3.0,34.0,30.0,21.0,15.0,20.0,-6.0,16.0,10.0
27,2006-01-01,264.0,296.0,6.0,68.0,17.0,19.600000000000364,-12.800000000001091,16.599999999999454,-0.8000000000000682,2.0,21.0,53.0,52.0,40.0,15.0,-32.0,-6.0,-28.0,2.0
28,2006-02-01,306.0,275.0,6.0,63.0,-1.0,15.599999999999454,5.800000000001091,10.200000000000728,0.3000000000000682,-2.0,28.0,61.0,52.0,35.0,1.0,31.0,6.0,16.0,9.0
29,2006-03-01,309.0,284.0,6.0,25.0,5.0,15.5,26.69999999999891,-0.3000000000001819,-2.6000000000000227,3.0,17.0,87.0,47.0,54.0,1.0,25.0,0.0,10.0,15.0
30,2006-04-01,171.0,155.0,10.0,37.0,12.0,11.900000000000546,-33.69999999999891,15.5,1.3999999999999773,-8.0,22.0,21.0,25.0,40.0,0.0,16.0,0.0,5.0,11.0
31,2006-05-01,36.0,29.0,3.0,-13.0,-23.0,11.799999999999272,-32.400000000001455,12.5,-0.6000000000000227,-8.0,4.0,58.0,30.0,-22.0,9.0,7.0,1.0,8.0,-2.0
32,2006-06-01,81.0,85.0,5.0,-14.0,10.0,3.9000000000005457,12.900000000001455,5.5,-0.6999999999999318,-3.0,-12.0,69.0,2.0,9.0,-2.0,-4.0,2.0,-3.0,-3.0
33,2006-07-01,194.0,143.0,4.0,13.0,-25.0,8.599999999999454,1.0999999999985448,14.399999999999636,0.2999999999999545,-5.0,2.0,39.0,26.0,69.0,-5.0,51.0,4.0,6.0,41.0
34,2006-08-01,166.0,128.0,2.0,8.0,-29.0,8.200000000000728,2.600000000000364,-0.3999999999996362,0.10000000000002274,4.0,7.0,46.0,54.0,22.0,4.0,38.0,-7.0,9.0,36.0
35,2006-09-01,136.0,65.0,2.0,-2.0,-34.0,8.899999999999636,2.100000000000364,9.199999999999818,0.5,-7.0,16.0,-10.0,66.0,-2.0,15.0,71.0,-1.0,15.0,57.0
36,2006-10-01,24.0,38.0,5.0,-36.0,-50.0,-1.699999999999818,33.399999999999636,9.5,-1.6000000000000227,-4.0,-5.0,4.0,40.0,37.0,7.0,-14.0,-1.0,-2.0,-11.0
37,2006-11-01,221.0,206.0,2.0,-16.0,-34.0,11.199999999999818,38.100000000000364,12.100000000000364,1.1000000000000227,0.0,8.0,68.0,49.0,64.0,3.0,15.0,-2.0,3.0,14.0
38,2006-12-01,184.0,179.0,3.0,19.0,-26.0,25.199999999999818,2.100000000000364,20.399999999999636,0.5,10.0,-1.0,35.0,41.0,41.0,9.0,5.0,1.0,-2.0,6.0
39,2007-01-01,223.0,216.0,2.0,40.0,-7.0,3.9000000000005457,35.29999999999927,1.5,0.10000000000002274,-4.0,-3.0,64.0,37.0,46.0,0.0,7.0,1.0,-11.0,17.0
40,2007-02-01,78.0,42.0,5.0,-99.0,-11.0,14.799999999999272,25.399999999999636,1.1000000000003638,-0.10000000000002274,4.0,3.0,32.0,36.0,23.0,8.0,36.0,1.0,27.0,8.0
41,2007-03-01,227.0,209.0,4.0,80.0,-27.0,3.5,58.900000000001455,3.399999999999636,0.6000000000000227,-4.0,-10.0,30.0,56.0,2.0,11.0,18.0,-1.0,4.0,15.0
42,2007-04-01,62.0,36.0,3.0,-20.0,-25.0,15.700000000000728,-18.80000000000109,2.5,2.2999999999999545,5.0,-19.0,17.0,56.0,12.0,6.0,26.0,1.0,3.0,22.0
43,2007-05-01,150.0,132.0,3.0,-13.0,-16.0,7.699999999999818,15.899999999999636,1.3999999999996362,2.300000000000068,5.0,9.0,35.0,45.0,29.0,7.0,18.0,1.0,0.0,17.0
44,2007-06-01,79.0,65.0,5.0,14.0,-18.0,9.899999999999636,-15.199999999998909,-1.5,1.1999999999999318,-2.0,-3.0,10.0,53.0,9.0,3.0,14.0,-4.0,10.0,8.0
45,2007-07-01,-30.0,6.0,2.0,-27.0,-22.0,6.800000000000182,4.899999999999636,3.0,0.10000000000002274,-1.0,2.0,4.0,30.0,4.0,-1.0,-36.0,-2.0,-12.0,-22.0
46,2007-08-01,-25.0,-80.0,-1.0,-50.0,-61.0,-0.5,0.3999999999996362,-3.899999999999636,0.7999999999999545,-9.0,-28.0,10.0,64.0,2.0,-4.0,55.0,11.0,-9.0,53.0
47,2007-09-01,86.0,33.0,0.0,-33.0,-38.0,0.8999999999996362,7.399999999999636,22.0,-0.39999999999997726,3.0,-23.0,-2.0,57.0,42.0,-3.0,53.0,-1.0,27.0,27.0
48,2007-10-01,71.0,53.0,0.0,-12.0,-26.0,7.0,-7.199999999998909,-4.600000000000364,0.39999999999997726,-3.0,-13.0,36.0,37.0,38.0,1.0,18.0,-3.0,-5.0,26.0
49,2007-11-01,118.0,81.0,8.0,-42.0,-7.0,0.2000000000007276,66.79999999999927,-2.7999999999992724,-0.2999999999999545,-3.0,-15.0,1.0,26.0,36.0,13.0,37.0,10.0,5.0,22.0
50,2007-12-01,106.0,64.0,5.0,-33.0,-11.0,0.3999999999996362,-4.899999999999636,-2.600000000000364,1.6000000000000227,1.0,-11.0,46.0,49.0,15.0,8.0,42.0,12.0,2.0,28.0
51,2008-01-01,1.0,-11.0,7.0,-14.0,-21.0,-3.0,-18.299999999999272,1.800000000000182,-0.10000000000002274,0.0,-4.0,-10.0,54.0,-8.0,5.0,12.0,-18.0,9.0,21.0
52,2008-02-01,-76.0,-105.0,1.0,-23.0,-29.0,-10.100000000000364,-40.400000000001455,3.800000000000182,-0.7000000000000455,-7.0,-7.0,-46.0,40.0,1.0,12.0,29.0,9.0,-3.0,23.0
53,2008-03-01,-68.0,-94.0,6.0,-47.0,-37.0,-9.399999999999636,-10.099999999998545,0.7999999999992724,0.10000000000002274,2.0,-1.0,-43.0,50.0,-12.0,7.0,26.0,5.0,8.0,13.0
54,2008-04-01,-217.0,-224.0,0.0,-79.0,-60.0,-21.899999999999636,-80.20000000000073,4.400000000000546,0.5,-8.0,-10.0,-9.0,58.0,-20.0,1.0,7.0,3.0,4.0,0.0
55,2008-05-01,-191.0,-224.0,8.0,-53.0,-35.0,-13.0,-64.60000000000036,-11.600000000000364,-0.10000000000002274,-5.0,-9.0,-60.0,40.0,-13.0,-8.0,33.0,2.0,5.0,26.0
56,2008-06-01,-158.0,-192.0,4.0,-61.0,-60.0,-13.100000000000364,-23.399999999999636,-12.599999999999454,1.0,-7.0,-13.0,-41.0,58.0,-16.0,-7.0,34.0,2.0,17.0,15.0
57,2008-07-01,-197.0,-248.0,4.0,-53.0,-74.0,-21.100000000000364,-38.399999999999636,-5.200000000000728,1.8000000000000682,-14.0,-17.0,-61.0,51.0,-19.0,-3.0,51.0,8.0,12.0,31.0
58,2008-08-01,-283.0,-282.0,8.0,-46.0,-72.0,-20.899999999999636,-60.899999999999636,-17.0,-0.7000000000000455,-15.0,-14.0,-63.0,62.0,-32.0,-10.0,-1.0,-1.0,23.0,-23.0
59,2008-09-01,-451.0,-421.0,5.0,-70.0,-83.0,-12.199999999999818,-67.5,-35.599999999999454,0.5,-10.0,-32.0,-70.0,6.0,-52.0,0.0,-30.0,2.0,-30.0,-2.0
60,2008-10-01,-464.0,-476.0,-2.0,-77.0,-128.0,-39.0,-60.0,-14.800000000000182,1.5,-11.0,-34.0,-109.0,20.0,-27.0,4.0,12.0,4.0,-2.0,10.0
61,2008-11-01,-748.0,-759.0,-4.0,-154.0,-113.0,-36.400000000000546,-129.5,-40.899999999999636,1.6000000000000227,-20.0,-39.0,-170.0,38.0,-52.0,-40.0,11.0,6.0,12.0,-7.0
62,2008-12-01,-697.0,-693.0,-7.0,-112.0,-184.0,-40.399999999999636,-104.60000000000036,-26.900000000000546,0.39999999999997726,-20.0,-33.0,-132.0,41.0,-44.0,-30.0,-4.0,-3.0,-3.0,2.0
63,2009-01-01,-780.0,-803.0,-9.0,-134.0,-289.0,-30.899999999999636,-82.20000000000073,-23.699999999999818,0.10000000000002274,-20.0,-50.0,-155.0,40.0,-34.0,-16.0,23.0,11.0,15.0,-3.0
64,2009-02-01,-758.0,-755.0,-12.0,-121.0,-181.0,-47.900000000000546,-89.0,-24.0,0.6000000000000227,-13.0,-48.0,-196.0,25.0,-29.0,-19.0,-3.0,9.0,-16.0,4.0
65,2009-03-01,-818.0,-802.0,-21.0,-155.0,-172.0,-42.5,-84.89999999999964,-33.5,-0.6000000000000227,-14.0,-42.0,-150.0,7.0,-66.0,-28.0,-16.0,2.0,-10.0,-8.0
66,2009-04-01,-668.0,-785.0,-18.0,-137.0,-178.0,-46.19999999999982,-60.79999999999927,-45.69999999999982,-1.7000000000000455,-32.0,-55.0,-135.0,7.0,-71.0,-11.0,117.0,125.0,2.0,-10.0
67,2009-05-01,-355.0,-295.0,-17.0,-54.0,-168.0,-24.699999999999818,-16.30000000000109,-17.900000000000546,-1.5,-25.0,-28.0,-50.0,61.0,50.0,-4.0,-60.0,-62.0,5.0,-3.0
68,2009-06-01,-468.0,-427.0,-7.0,-90.0,-136.0,-24.0,-14.5,-17.599999999999454,0.3000000000000682,-12.0,-25.0,-106.0,32.0,-30.0,3.0,-41.0,-46.0,-11.0,16.0
69,2009-07-01,-341.0,-286.0,-8.0,-78.0,-58.0,-25.100000000000364,-53.69999999999891,-21.600000000000364,-1.3000000000000682,-17.0,-14.0,-23.0,15.0,2.0,-3.0,-55.0,12.0,-54.0,-13.0
70,2009-08-01,-181.0,-197.0,-9.0,-77.0,-42.0,-17.199999999999818,-7.600000000000364,-10.399999999999636,-0.8999999999999773,-11.0,-25.0,-8.0,52.0,-32.0,-9.0,16.0,-1.0,48.0,-31.0
71,2009-09-01,-240.0,-154.0,-4.0,-68.0,-35.0,-16.800000000000182,-33.70000000000073,-8.300000000000182,0.8999999999999773,2.0,-10.0,6.0,11.0,8.0,-6.0,-86.0,1.0,-26.0,-61.0
72,2009-10-01,-178.0,-251.0,-5.0,-71.0,-53.0,-20.899999999999636,-46.899999999999636,-15.699999999999818,-0.1999999999999318,-5.0,-19.0,19.0,44.0,-59.0,-19.0,73.0,17.0,14.0,42.0
73,2009-11-01,-3.0,-12.0,4.0,-20.0,-29.0,-9.800000000000182,-18.600000000000364,-5.5,-1.1000000000000227,-12.0,5.0,60.0,34.0,-9.0,-10.0,9.0,-1.0,-6.0,16.0
74,2009-12-01,-251.0,-200.0,-1.0,-42.0,-34.0,-13.899999999999636,-30.69999999999891,-49.900000000000546,-1.5,-7.0,-12.0,4.0,34.0,-42.0,-4.0,-51.0,-11.0,-2.0,-38.0
75,2010-01-01,-10.0,-19.0,6.0,-74.0,-15.0,-19.600000000000364,51.899999999999636,20.600000000000364,0.0,-6.0,-11.0,19.0,16.0,-12.0,5.0,9.0,29.0,-5.0,-15.0
76,2010-02-01,-98.0,-83.0,6.0,-80.0,-7.0,-10.699999999999818,-6.399999999999636,0.3999999999996362,-1.2000000000000455,-2.0,-8.0,20.0,19.0,-5.0,-8.0,-15.0,12.0,2.0,-29.0
77,2010-03-01,164.0,122.0,7.0,37.0,0.0,-0.6000000000003638,35.599999999998545,11.400000000000546,-0.2999999999999545,-18.0,-17.0,-17.0,57.0,16.0,11.0,42.0,51.0,-7.0,-2.0
78,2010-04-01,251.0,200.0,5.0,16.0,36.0,0.0,-1.3999999999996362,6.300000000000182,-0.2999999999999545,-5.0,3.0,92.0,6.0,36.0,7.0,51.0,61.0,-4.0,-6.0
79,2010-05-01,530.0,103.0,9.0,-33.0,36.0,-3.699999999999818,7.399999999999636,11.199999999999818,-0.6000000000000227,-6.0,-12.0,36.0,32.0,33.0,-7.0,427.0,432.0,-1.0,-4.0
80,2010-06-01,-144.0,112.0,5.0,-4.0,20.0,4.0,1.7000000000007276,16.899999999999636,-1.6000000000000227,-7.0,-12.0,61.0,21.0,22.0,-15.0,-256.0,-223.0,4.0,-37.0
81,2010-07-01,-81.0,90.0,7.0,-8.0,16.0,1.800000000000182,3.7000000000007276,17.400000000000546,-0.6000000000000227,2.0,-11.0,10.0,25.0,14.0,13.0,-171.0,-142.0,-3.0,-26.0
82,2010-08-01,4.0,153.0,8.0,16.0,-8.0,1.800000000000182,12.699999999998909,-3.7000000000007276,0.10000000000002274,-2.0,-1.0,61.0,37.0,33.0,-2.0,-149.0,-106.0,-6.0,-37.0
83,2010-09-01,-85.0,88.0,7.0,-23.0,10.0,6.199999999999818,5.0,17.400000000000546,-2.1000000000000227,-4.0,7.0,17.0,-16.0,56.0,8.0,-173.0,-76.0,-8.0,-89.0
84,2010-10-01,281.0,231.0,8.0,7.0,-1.0,7.5,41.70000000000073,10.099999999999454,2.2000000000000455,-2.0,1.0,68.0,73.0,-10.0,25.0,50.0,-3.0,17.0,36.0
85,2010-11-01,134.0,144.0,6.0,-2.0,23.0,5.399999999999636,-15.600000000000364,8.900000000000546,-0.5,-6.0,-3.0,94.0,45.0,-1.0,-10.0,-10.0,0.0,0.0,-10.0
86,2010-12-01,81.0,102.0,-3.0,-39.0,10.0,6.800000000000182,-2.899999999999636,24.800000000000182,2.199999999999932,-7.0,4.0,69.0,15.0,31.0,-9.0,-21.0,4.0,-6.0,-19.0
87,2011-01-01,7.0,15.0,3.0,-40.0,26.0,6.199999999999818,51.29999999999927,-32.80000000000018,-1.7999999999999545,-4.0,-4.0,11.0,19.0,-8.0,-11.0,-8.0,4.0,5.0,-17.0
88,2011-02-01,210.0,253.0,2.0,24.0,33.0,12.900000000000546,21.30000000000109,30.899999999999636,1.7999999999999545,-6.0,-4.0,78.0,10.0,39.0,10.0,-43.0,2.0,-32.0,-13.0
89,2011-03-01,225.0,248.0,15.0,26.0,21.0,16.199999999999818,20.69999999999891,10.5,-0.599999999999909,0.0,5.0,66.0,14.0,59.0,-5.0,-23.0,1.0,-10.0,-14.0
90,2011-04-01,327.0,335.0,14.0,8.0,29.0,13.099999999999454,68.20000000000073,18.699999999999818,1.0,2.0,-1.0,62.0,60.0,51.0,9.0,-8.0,-7.0,-5.0,4.0
91,2011-05-01,100.0,155.0,10.0,31.0,9.0,5.700000000000728,-0.1000000000003638,8.200000000000728,-0.6000000000000227,5.0,22.0,51.0,15.0,-5.0,4.0,-55.0,1.0,-8.0,-48.0
92,2011-06-01,232.0,197.0,11.0,12.0,14.0,8.0,32.899999999999636,15.899999999999636,-0.10000000000002274,6.0,-12.0,15.0,36.0,50.0,8.0,35.0,-11.0,-4.0,50.0
93,2011-07-01,55.0,170.0,12.0,19.0,19.0,8.199999999999818,38.80000000000109,2.300000000000182,-1.3999999999999773,-10.0,3.0,9.0,39.0,27.0,5.0,-115.0,2.0,-21.0,-96.0
94,2011-08-01,133.0,165.0,3.0,5.0,18.0,9.399999999999636,1.8999999999996362,6.800000000000182,0.5,-43.0,4.0,75.0,40.0,25.0,19.0,-32.0,-12.0,21.0,-41.0
95,2011-09-01,221.0,255.0,10.0,32.0,5.0,4.600000000000364,8.0,5.299999999999272,0.5,44.0,-2.0,64.0,48.0,31.0,5.0,-34.0,-4.0,-7.0,-23.0
96,2011-10-01,212.0,197.0,5.0,4.0,11.0,15.0,12.0,8.200000000000728,-0.5,1.0,13.0,47.0,42.0,38.0,1.0,15.0,4.0,-16.0,27.0
97,2011-11-01,144.0,171.0,6.0,5.0,-10.0,7.199999999999818,17.0,4.099999999999454,0.5,-1.0,13.0,35.0,39.0,47.0,8.0,-27.0,-8.0,-6.0,-13.0
98,2011-12-01,200.0,217.0,6.0,18.0,32.0,19.899999999999636,-9.0,0.1000000000003638,-0.39999999999997726,3.0,8.0,67.0,34.0,27.0,11.0,-17.0,-6.0,-3.0,-8.0
99,2012-01-01,345.0,353.0,9.0,15.0,36.0,15.0,63.5,18.0,1.099999999999909,-14.0,6.0,86.0,44.0,62.0,12.0,-8.0,-3.0,-2.0,-3.0
100,2012-02-01,272.0,271.0,6.0,3.0,22.0,12.300000000000182,-12.0,25.899999999999636,-0.09999999999990905,11.0,9.0,70.0,83.0,41.0,0.0,1.0,-5.0,3.0,3.0
101,2012-03-01,226.0,230.0,3.0,-4.0,38.0,6.400000000000546,17.19999999999891,4.800000000000182,0.39999999999997726,2.0,23.0,34.0,32.0,65.0,8.0,-4.0,0.0,3.0,-7.0
102,2012-04-01,83.0,95.0,1.0,-7.0,18.0,14.299999999999272,11.300000000001091,-12.100000000000364,-0.20000000000004547,2.0,4.0,49.0,18.0,3.0,-6.0,-12.0,-2.0,4.0,-14.0
103,2012-05-01,108.0,128.0,5.0,-14.0,11.0,10.300000000000182,6.199999999998909,32.600000000000364,-0.1999999999999318,5.0,11.0,25.0,40.0,-4.0,0.0,-20.0,-3.0,-3.0,-14.0
104,2012-06-01,72.0,53.0,-1.0,17.0,9.0,5.800000000000182,-20.19999999999891,0.1999999999998181,0.7999999999999545,-11.0,-1.0,56.0,-9.0,-3.0,9.0,19.0,1.0,7.0,11.0
105,2012-07-01,146.0,163.0,-3.0,11.0,28.0,11.0,-9.600000000000364,12.199999999999818,-7.399999999999977,5.0,-3.0,43.0,35.0,33.0,8.0,-17.0,-9.0,-4.0,-4.0
106,2012-08-01,177.0,174.0,-1.0,16.0,-4.0,0.0,11.200000000000728,12.300000000000182,7.600000000000023,-4.0,9.0,32.0,28.0,69.0,-2.0,3.0,5.0,8.0,-10.0
107,2012-09-01,182.0,173.0,-4.0,13.0,-6.0,-3.399999999999636,26.799999999999272,3.9000000000005457,0.1999999999999318,-5.0,13.0,15.0,40.0,68.0,11.0,9.0,2.0,13.0,-6.0
108,2012-10-01,159.0,181.0,-9.0,13.0,7.0,11.0,15.799999999999272,10.5,-0.5,-4.0,9.0,74.0,40.0,11.0,4.0,-22.0,2.0,-21.0,-3.0
109,2012-11-01,163.0,183.0,6.0,10.0,-11.0,3.0999999999994543,80.90000000000146,-8.5,-2.3999999999999773,8.0,7.0,54.0,6.0,27.0,2.0,-20.0,-15.0,-3.0,-2.0
110,2012-12-01,241.0,237.0,5.0,40.0,10.0,5.800000000000182,-31.30000000000109,35.599999999999454,0.0,3.0,13.0,36.0,48.0,68.0,4.0,4.0,-3.0,-4.0,11.0
111,2013-01-01,190.0,208.0,4.0,22.0,23.0,13.100000000000364,23.700000000000728,1.300000000000182,0.2999999999999545,-15.0,8.0,42.0,21.0,59.0,6.0,-18.0,0.0,-19.0,1.0
112,2013-02-01,279.0,267.0,6.0,38.0,13.0,3.699999999999818,20.0,-1.699999999999818,0.40000000000009095,36.0,14.0,93.0,2.0,45.0,-2.0,12.0,0.0,16.0,-4.0
113,2013-03-01,145.0,156.0,1.0,18.0,3.0,2.0,1.1000000000003638,-6.400000000000546,-1.6000000000000227,2.0,5.0,56.0,49.0,31.0,-5.0,-11.0,-12.0,7.0,-6.0
114,2013-04-01,187.0,188.0,-2.0,-6.0,1.0,0.3000000000001819,14.599999999998545,14.5,1.6999999999999318,-4.0,16.0,62.0,47.0,39.0,4.0,-1.0,0.0,-5.0,4.0
115,2013-05-01,215.0,220.0,5.0,33.0,0.0,4.399999999999636,27.80000000000109,-3.899999999999636,0.7000000000000455,14.0,11.0,54.0,17.0,41.0,16.0,-5.0,-19.0,2.0,12.0
116,2013-06-01,178.0,202.0,2.0,26.0,4.0,5.399999999999636,47.600000000000364,4.300000000000182,1.7000000000000455,-5.0,4.0,46.0,-1.0,59.0,8.0,-24.0,-4.0,-11.0,-9.0
117,2013-07-01,122.0,147.0,-2.0,4.0,-20.0,7.800000000000182,45.599999999998545,-7.900000000000546,-3.300000000000068,15.0,17.0,46.0,4.0,36.0,5.0,-25.0,-10.0,-13.0,-2.0
118,2013-08-01,244.0,228.0,1.0,19.0,30.0,6.199999999999818,44.80000000000109,15.900000000000546,-0.39999999999997726,-29.0,-2.0,26.0,69.0,39.0,9.0,16.0,-7.0,20.0,3.0
119,2013-09-01,184.0,180.0,5.0,32.0,18.0,12.400000000000546,27.5,26.399999999999636,0.39999999999997726,17.0,1.0,29.0,-10.0,12.0,9.0,4.0,-1.0,5.0,0.0
120,2013-10-01,220.0,225.0,1.0,21.0,24.0,-11.5,26.600000000000364,6.0,-0.2999999999999545,10.0,9.0,51.0,25.0,56.0,7.0,-5.0,-14.0,7.0,2.0
121,2013-11-01,275.0,262.0,-1.0,32.0,23.0,11.199999999999818,32.69999999999891,17.600000000000364,1.1000000000000227,4.0,-1.0,68.0,36.0,37.0,2.0,13.0,7.0,-1.0,7.0
122,2013-12-01,54.0,77.0,-2.0,-31.0,4.0,5.5,54.0,11.399999999999636,-1.7000000000000455,5.0,5.0,-12.0,2.0,22.0,14.0,-23.0,-5.0,-3.0,-15.0
123,2014-01-01,184.0,190.0,5.0,53.0,-2.0,15.899999999999636,-16.899999999999636,20.699999999999818,-1.5,-3.0,-3.0,47.0,32.0,35.0,8.0,-6.0,-5.0,-1.0,0.0
124,2014-02-01,155.0,144.0,4.0,22.0,25.0,5.5,-28.200000000000728,-5.099999999999454,0.20000000000004547,-6.0,19.0,63.0,23.0,20.0,2.0,11.0,-5.0,5.0,11.0
125,2014-03-01,279.0,271.0,4.0,31.0,14.0,5.0,30.400000000001455,15.800000000000182,2.0,7.0,0.0,46.0,43.0,55.0,18.0,8.0,-3.0,-2.0,13.0
126,2014-04-01,312.0,292.0,6.0,46.0,14.0,15.300000000000182,41.5,13.899999999999636,-1.1000000000000227,-4.0,12.0,59.0,27.0,50.0,12.0,20.0,0.0,0.0,20.0
127,2014-05-01,203.0,224.0,1.0,25.0,12.0,6.699999999999818,6.299999999999272,28.300000000000182,-0.20000000000004547,-4.0,7.0,40.0,43.0,56.0,3.0,-21.0,0.0,-4.0,-17.0
128,2014-06-01,332.0,269.0,5.0,24.0,24.0,11.400000000000546,40.600000000000364,19.199999999999818,0.8999999999999773,5.0,14.0,62.0,46.0,23.0,-6.0,63.0,1.0,7.0,55.0
129,2014-07-01,243.0,237.0,6.0,45.0,19.0,3.0,23.5,27.5,0.5,3.0,15.0,37.0,43.0,10.0,4.0,6.0,2.0,-23.0,27.0
130,2014-08-01,182.0,228.0,1.0,32.0,19.0,-1.5,8.199999999998909,14.699999999999818,1.900000000000091,8.0,14.0,57.0,38.0,22.0,14.0,-46.0,4.0,-19.0,-31.0
131,2014-09-01,305.0,263.0,5.0,32.0,18.0,6.699999999999818,29.5,13.900000000000546,-1.8000000000000682,1.0,15.0,55.0,52.0,43.0,-6.0,42.0,0.0,25.0,17.0
132,2014-10-01,242.0,222.0,-2.0,17.0,33.0,2.199999999999818,38.30000000000109,19.899999999999636,0.8000000000000682,-7.0,9.0,30.0,30.0,43.0,7.0,20.0,0.0,5.0,15.0
133,2014-11-01,284.0,269.0,-1.0,13.0,25.0,3.199999999999818,25.600000000000364,22.600000000000364,0.1999999999999318,8.0,18.0,54.0,53.0,38.0,10.0,15.0,5.0,7.0,3.0
134,2014-12-01,277.0,262.0,-4.0,21.0,8.0,7.900000000000546,14.299999999999272,27.899999999999636,1.6000000000000227,2.0,6.0,80.0,52.0,43.0,2.0,15.0,3.0,6.0,6.0
135,2015-01-01,196.0,183.0,-9.0,27.0,0.0,1.0,17.299999999999272,9.300000000000182,0.5,3.0,17.0,25.0,63.0,23.0,6.0,13.0,2.0,6.0,5.0
136,2015-02-01,267.0,249.0,-12.0,41.0,9.0,11.800000000000182,15.0,16.199999999999818,-0.20000000000004547,1.0,11.0,44.0,48.0,57.0,7.0,18.0,2.0,6.0,10.0
137,2015-03-01,95.0,103.0,-16.0,-27.0,11.0,1.7999999999992724,32.600000000000364,13.0,0.3000000000000682,-4.0,11.0,28.0,43.0,9.0,1.0,-8.0,1.0,-4.0,-5.0
138,2015-04-01,278.0,243.0,-16.0,58.0,6.0,-3.699999999999818,14.200000000000728,6.899999999999636,0.2999999999999545,5.0,5.0,44.0,74.0,42.0,7.0,35.0,15.0,3.0,17.0
139,2015-05-01,338.0,331.0,-22.0,35.0,15.0,6.800000000000182,34.100000000000364,22.200000000000728,1.3999999999999773,5.0,11.0,82.0,52.0,80.0,8.0,7.0,-10.0,4.0,13.0
140,2015-06-01,155.0,152.0,-4.0,14.0,1.0,-1.5,9.099999999998545,27.099999999999454,-1.0,1.0,18.0,51.0,40.0,5.0,-7.0,3.0,1.0,-1.0,3.0
141,2015-07-01,294.0,259.0,-11.0,31.0,15.0,-0.1000000000003638,14.5,23.400000000000546,1.5,4.0,19.0,33.0,55.0,60.0,13.0,35.0,2.0,0.0,33.0
142,2015-08-01,141.0,131.0,-12.0,18.0,-4.0,0.9000000000005457,6.5,10.799999999999272,1.1000000000000227,-1.0,11.0,33.0,41.0,33.0,-7.0,10.0,4.0,4.0,2.0
143,2015-09-01,135.0,155.0,-15.0,18.0,9.0,-9.600000000000364,-10.299999999999272,9.0,-1.0,13.0,7.0,20.0,37.0,78.0,0.0,-20.0,-1.0,6.0,-25.0
144,2015-10-01,320.0,304.0,-8.0,39.0,8.0,1.5,41.899999999999636,0.4000000000005457,-0.2999999999999545,2.0,15.0,74.0,84.0,37.0,9.0,16.0,0.0,1.0,15.0
145,2015-11-01,225.0,200.0,-15.0,51.0,-5.0,1.4000000000005457,6.399999999999636,15.899999999999636,0.10000000000002274,-15.0,15.0,35.0,45.0,58.0,8.0,25.0,7.0,6.0,12.0
146,2015-12-01,273.0,257.0,-10.0,32.0,5.0,-2.2000000000007276,5.300000000001091,31.300000000000182,-0.6000000000000227,10.0,7.0,69.0,63.0,32.0,15.0,16.0,10.0,-2.0,8.0
147,2016-01-01,115.0,98.0,-14.0,1.0,21.0,2.100000000000364,35.100000000000364,-31.5,0.0,1.0,18.0,11.0,12.0,48.0,-6.0,17.0,-5.0,2.0,20.0
148,2016-02-01,212.0,188.0,-21.0,9.0,-18.0,-2.300000000000182,48.29999999999927,15.800000000000182,1.1000000000000227,13.0,3.0,12.0,68.0,40.0,19.0,24.0,7.0,-5.0,22.0
149,2016-03-01,256.0,216.0,-20.0,38.0,-23.0,3.800000000000182,55.399999999999636,18.599999999999454,-1.7000000000000455,10.0,16.0,24.0,47.0,41.0,7.0,40.0,5.0,7.0,28.0
150,2016-04-01,190.0,184.0,-14.0,24.0,11.0,4.899999999999636,-2.399999999999636,15.900000000000546,0.10000000000002274,4.0,23.0,31.0,55.0,27.0,5.0,6.0,2.0,5.0,-1.0
151,2016-05-01,45.0,30.0,-11.0,-13.0,-21.0,-2.399999999999636,5.100000000000364,15.099999999999454,-1.0,-38.0,16.0,7.0,60.0,21.0,-8.0,15.0,7.0,-5.0,13.0
152,2016-06-01,251.0,270.0,-9.0,12.0,18.0,-3.699999999999818,16.399999999999636,4.200000000000728,1.5,50.0,16.0,43.0,53.0,56.0,12.0,-19.0,5.0,15.0,-39.0
153,2016-07-01,363.0,254.0,-6.0,34.0,22.0,3.0,14.799999999999272,25.099999999999454,0.6999999999999318,-2.0,23.0,44.0,48.0,40.0,8.0,109.0,3.0,8.0,98.0
154,2016-08-01,149.0,154.0,-4.0,1.0,-24.0,2.5,16.900000000001455,26.600000000000364,-0.5,4.0,16.0,4.0,53.0,46.0,12.0,-5.0,3.0,0.0,-8.0
155,2016-09-01,297.0,258.0,-2.0,32.0,-1.0,10.899999999999636,5.099999999998545,-5.0,0.10000000000002274,14.0,7.0,69.0,56.0,60.0,12.0,39.0,3.0,35.0,1.0
156,2016-10-01,108.0,136.0,-1.0,31.0,-2.0,1.9000000000005457,3.600000000000364,16.599999999999454,0.20000000000004547,-3.0,6.0,22.0,60.0,-5.0,6.0,-28.0,-2.0,-18.0,-8.0
157,2016-11-01,120.0,138.0,3.0,24.0,-3.0,3.7999999999992724,-43.0,17.400000000000546,0.2999999999999545,-2.0,11.0,36.0,35.0,46.0,9.0,-18.0,-6.0,3.0,-15.0
158,2016-12-01,219.0,192.0,1.0,-5.0,13.0,-4.0,31.399999999999636,32.099999999999454,0.6000000000000227,5.0,26.0,32.0,59.0,19.0,-18.0,27.0,17.0,4.0,6.0
159,2017-01-01,231.0,219.0,0.0,22.0,11.0,8.0,58.5,-15.0,-1.2000000000000455,4.0,27.0,41.0,17.0,29.0,18.0,12.0,-2.0,17.0,-3.0
160,2017-02-01,206.0,196.0,7.0,41.0,14.0,2.600000000000364,-24.5,17.0,-0.599999999999909,-6.0,3.0,18.0,70.0,43.0,12.0,10.0,-1.0,4.0,7.0
161,2017-03-01,130.0,127.0,4.0,21.0,13.0,1.0,-28.399999999999636,14.0,-0.10000000000002274,-2.0,7.0,31.0,35.0,24.0,7.0,3.0,-2.0,3.0,2.0
162,2017-04-01,197.0,191.0,10.0,14.0,7.0,-1.0,-19.899999999999636,18.600000000000364,-0.5,-9.0,17.0,33.0,52.0,65.0,5.0,6.0,-12.0,6.0,12.0
163,2017-05-01,217.0,205.0,6.0,15.0,9.0,-1.699999999999818,-19.399999999999636,30.100000000000364,-0.39999999999997726,-3.0,12.0,61.0,44.0,40.0,12.0,12.0,10.0,12.0,-10.0
164,2017-06-01,199.0,186.0,4.0,31.0,13.0,5.800000000000182,-8.399999999999636,15.199999999999818,0.599999999999909,10.0,16.0,34.0,20.0,41.0,4.0,13.0,-3.0,-7.0,23.0
165,2017-07-01,184.0,170.0,2.0,6.0,1.0,2.699999999999818,-8.400000000001455,9.5,0.0,-2.0,13.0,40.0,65.0,35.0,6.0,14.0,1.0,4.0,9.0
166,2017-08-01,135.0,199.0,4.0,34.0,44.0,1.8999999999996362,-6.099999999998545,12.5,0.20000000000004547,4.0,11.0,41.0,23.0,28.0,2.0,-64.0,-4.0,-9.0,-51.0
167,2017-09-01,92.0,69.0,2.0,11.0,10.0,-1.5999999999994543,-11.5,31.0,0.39999999999997726,3.0,3.0,-4.0,32.0,-10.0,3.0,23.0,-3.0,-25.0,51.0
168,2017-10-01,148.0,120.0,1.0,18.0,13.0,6.199999999999818,-2.0,17.5,-0.6999999999999318,-5.0,3.0,41.0,22.0,-7.0,13.0,28.0,3.0,8.0,17.0
169,2017-11-01,230.0,212.0,5.0,37.0,15.0,1.5999999999994543,37.099999999998545,10.399999999999636,-0.10000000000002274,4.0,8.0,14.0,43.0,27.0,10.0,18.0,-11.0,9.0,20.0
170,2017-12-01,144.0,139.0,0.0,23.0,28.0,2.300000000000182,-41.099999999998545,24.199999999999818,0.10000000000002274,3.0,6.0,37.0,32.0,23.0,2.0,5.0,3.0,-2.0,4.0
171,2018-01-01,149.0,159.0,7.0,2.0,28.0,-0.5999999999994543,-35.0,8.400000000000546,-1.8000000000000682,-1.0,7.0,59.0,56.0,26.0,4.0,-10.0,0.0,-7.0,-3.0
172,2018-02-01,388.0,343.0,6.0,91.0,23.0,2.2999999999992724,47.69999999999891,24.0,2.800000000000068,2.0,24.0,38.0,55.0,22.0,5.0,45.0,-4.0,4.0,45.0
173,2018-03-01,223.0,215.0,8.0,10.0,26.0,13.5,15.5,38.80000000000018,-0.7000000000000455,7.0,11.0,47.0,29.0,8.0,2.0,8.0,2.0,8.0,-2.0
174,2018-04-01,145.0,128.0,8.0,18.0,21.0,-24.299999999999272,0.3000000000010914,20.099999999999454,1.2999999999999545,12.0,8.0,48.0,21.0,-13.0,8.0,17.0,8.0,13.0,-4.0
175,2018-05-01,329.0,324.0,4.0,62.0,26.0,5.299999999999272,15.399999999999636,31.0,-1.3999999999999773,3.0,26.0,60.0,46.0,35.0,11.0,5.0,-7.0,-3.0,15.0
176,2018-06-01,211.0,178.0,4.0,18.0,34.0,2.800000000000182,-47.399999999999636,21.300000000000182,-0.8999999999999773,-3.0,18.0,49.0,25.0,49.0,9.0,33.0,5.0,5.0,23.0
177,2018-07-01,56.0,102.0,0.0,26.0,20.0,12.900000000000546,-15.700000000000728,7.899999999999636,-3.2999999999999545,3.0,10.0,12.0,25.0,19.0,-15.0,-46.0,1.0,-4.0,-43.0
178,2018-08-01,250.0,218.0,9.0,29.0,14.0,18.299999999999272,0.5,34.70000000000073,0.0,-1.0,12.0,39.0,48.0,14.0,0.0,32.0,2.0,-1.0,31.0
179,2018-09-01,89.0,83.0,0.0,28.0,19.0,-4.0,-39.29999999999927,20.5,-0.10000000000002274,-2.0,17.0,31.0,22.0,-18.0,9.0,6.0,4.0,9.0,-7.0
180,2018-10-01,165.0,160.0,3.0,14.0,23.0,6.5,-42.80000000000109,28.299999999999272,0.6999999999999318,12.0,14.0,23.0,44.0,31.0,3.0,5.0,0.0,0.0,5.0
181,2018-11-01,96.0,102.0,-5.0,-3.0,10.0,8.400000000000546,43.30000000000109,19.200000000000728,-0.09999999999990905,0.0,8.0,4.0,15.0,5.0,-2.0,-6.0,4.0,-18.0,8.0
182,2018-12-01,183.0,145.0,6.0,10.0,19.0,4.800000000000182,-54.100000000000364,-14.5,-0.6000000000000227,1.0,10.0,19.0,86.0,51.0,7.0,38.0,-1.0,11.0,28.0
183,2019-01-01,309.0,296.0,4.0,28.0,37.0,10.399999999999636,-20.399999999999636,67.09999999999945,0.0,-9.0,14.0,6.0,47.0,105.0,7.0,13.0,-4.0,-2.0,19.0
184,2019-02-01,-22.0,-34.0,-6.0,-28.0,-11.0,7.300000000000182,-19.200000000000728,-19.300000000000182,-1.1000000000000227,2.0,8.0,28.0,23.0,-19.0,1.0,12.0,6.0,9.0,-3.0
185,2019-03-01,228.0,191.0,-1.0,26.0,0.0,-2.300000000000182,-14.5,20.5,0.39999999999997726,6.0,22.0,25.0,63.0,25.0,21.0,37.0,3.0,9.0,25.0
186,2019-04-01,243.0,206.0,-2.0,37.0,-2.0,3.800000000000182,-5.200000000000728,31.0,-3.1000000000000227,-4.0,19.0,53.0,66.0,-3.0,16.0,37.0,15.0,0.0,22.0
187,2019-05-01,67.0,108.0,-1.0,27.0,-5.0,-3.600000000000364,-14.599999999998545,23.200000000000728,2.0,8.0,12.0,45.0,34.0,-15.0,-4.0,-41.0,-3.0,-41.0,3.0
188,2019-06-01,167.0,159.0,-3.0,25.0,5.0,-8.199999999999818,-28.100000000000364,34.19999999999982,2.400000000000091,19.0,13.0,49.0,46.0,-6.0,10.0,8.0,9.0,20.0,-21.0
189,2019-07-01,82.0,117.0,-7.0,14.0,6.0,9.600000000000364,-2.3000000000010914,9.699999999999818,-1.2000000000000455,-7.0,21.0,21.0,38.0,12.0,4.0,-35.0,-4.0,21.0,-52.0
190,2019-08-01,232.0,160.0,-6.0,5.0,-1.0,-2.100000000000364,-9.0,8.0,-1.0,1.0,16.0,29.0,58.0,63.0,-1.0,72.0,25.0,20.0,27.0
191,2019-09-01,207.0,176.0,-3.0,21.0,-2.0,1.3999999999996362,6.300000000001091,13.199999999999818,-1.3999999999999773,5.0,-1.0,8.0,55.0,71.0,2.0,31.0,-3.0,7.0,27.0
192,2019-10-01,129.0,99.0,1.0,5.0,-51.0,9.700000000000728,10.5,8.699999999999818,-1.6000000000000227,1.0,15.0,4.0,39.0,65.0,-7.0,30.0,-14.0,18.0,26.0
193,2019-11-01,215.0,176.0,-11.0,-11.0,43.0,-1.4000000000005457,-8.300000000001091,11.700000000000728,1.2000000000000455,10.0,16.0,7.0,67.0,35.0,17.0,39.0,4.0,10.0,25.0
194,2019-12-01,102.0,93.0,-14.0,-17.0,-14.0,3.100000000000364,17.0,17.5,1.1999999999999318,8.0,5.0,-10.0,44.0,49.0,3.0,9.0,-6.0,1.0,14.0
195,2020-01-01,334.0,274.0,-6.0,52.0,-11.0,0.5999999999994543,-16.19999999999891,60.599999999999454,-1.7999999999999545,10.0,17.0,2.0,88.0,59.0,20.0,60.0,20.0,23.0,17.0
196,2020-02-01,273.0,185.0,-2.0,28.0,-5.0,-6.0,-8.700000000000728,-22.0,0.39999999999997726,7.0,31.0,13.0,52.0,92.0,5.0,88.0,-1.0,46.0,43.0
197,2020-07-01,1444.0,1342.0,-11.0,25.0,41.0,-17.600000000000364,222.5,55.19999999999982,-0.2999999999999545,-5.0,0.0,192.0,193.0,507.0,140.0,102.0,23.0,10.0,69.0
198,2020-08-01,1735.0,1233.0,-8.0,30.0,26.0,15.900000000000546,294.1999999999989,100.19999999999982,2.099999999999909,25.0,25.0,185.0,203.0,281.0,54.0,502.0,251.0,45.0,206.0
199,2020-09-01,961.0,1053.0,-1.0,31.0,57.0,27.199999999999818,40.70000000000073,68.39999999999964,1.6000000000000227,56.0,29.0,120.0,89.0,487.0,47.0,-92.0,-36.0,-21.0,-35.0
200,2020-10-01,719.0,871.0,-3.0,54.0,24.0,11.399999999999636,109.69999999999891,81.30000000000018,-1.1999999999999318,-3.0,22.0,218.0,98.0,242.0,18.0,-152.0,-144.0,-22.0,14.0
201,2020-11-01,264.0,350.0,-2.0,7.0,34.0,13.800000000000182,5.900000000001455,103.30000000000018,0.2999999999999545,7.0,10.0,104.0,58.0,18.0,-10.0,-86.0,-89.0,1.0,2.0
202,2020-12-01,-268.0,-258.0,3.0,38.0,40.0,11.800000000000182,4.0,5.199999999999818,-0.5,13.0,12.0,157.0,-1.0,-509.0,-31.0,-10.0,6.0,6.0,-22.0
203,2021-01-01,494.0,384.0,-7.0,8.0,-3.0,13.0,59.599999999998545,36.900000000000546,0.7999999999999545,34.0,14.0,144.0,17.0,55.0,11.0,110.0,-8.0,82.0,36.0
204,2021-02-01,575.0,563.0,-9.0,-72.0,26.0,8.899999999999636,30.30000000000109,51.099999999999454,0.20000000000004547,16.0,-11.0,86.0,62.0,372.0,3.0,12.0,-6.0,5.0,13.0
205,2021-03-01,784.0,701.0,13.0,104.0,48.0,14.400000000000546,26.299999999999272,79.19999999999982,0.7000000000000455,5.0,10.0,127.0,111.0,145.0,17.0,83.0,6.0,28.0,49.0
206,2021-04-01,286.0,233.0,2.0,11.0,-42.0,15.599999999999454,-32.19999999999891,-12.899999999999636,0.599999999999909,22.0,20.0,-19.0,35.0,206.0,27.0,53.0,12.0,-4.0,45.0
207,2021-05-01,482.0,481.0,0.0,-12.0,31.0,17.800000000000182,18.799999999999272,32.5,0.40000000000009095,28.0,7.0,83.0,42.0,224.0,9.0,1.0,-8.0,-12.0,21.0
208,2021-06-01,693.0,624.0,4.0,6.0,17.0,22.100000000000364,35.899999999999636,51.899999999999636,0.599999999999909,17.0,7.0,103.0,20.0,273.0,66.0,69.0,-2.0,11.0,60.0
209,2021-07-01,769.0,731.0,1.0,15.0,73.0,26.199999999999818,-33.79999999999927,50.100000000000364,0.7000000000000455,29.0,37.0,163.0,45.0,284.0,41.0,38.0,-1.0,-27.0,66.0
210,2021-08-01,663.0,600.0,3.0,16.0,46.0,17.800000000000182,11.899999999999636,61.100000000000364,-0.6000000000000227,36.0,17.0,103.0,28.0,226.0,35.0,63.0,2.0,-14.0,75.0
211,2021-09-01,557.0,583.0,0.0,41.0,42.0,20.0,70.89999999999964,59.0,1.2000000000000455,15.0,29.0,92.0,-1.0,200.0,14.0,-26.0,-3.0,-11.0,-12.0
212,2021-10-01,781.0,818.0,4.0,42.0,59.0,20.899999999999636,53.600000000000364,74.0,0.6000000000000227,17.0,27.0,229.0,96.0,166.0,29.0,-37.0,-10.0,-6.0,-21.0
213,2021-11-01,614.0,613.0,4.0,46.0,44.0,22.0,-5.0,51.69999999999982,0.7999999999999545,21.0,35.0,139.0,48.0,177.0,29.0,1.0,5.0,-12.0,8.0
214,2021-12-01,569.0,551.0,7.0,34.0,44.0,30.899999999999636,11.200000000000728,61.099999999999454,0.6000000000000227,18.0,23.0,109.0,41.0,150.0,21.0,18.0,-9.0,-7.0,34.0
215,2022-01-01,364.0,345.0,-1.0,-4.0,33.0,23.800000000000182,30.099999999998545,44.80000000000018,2.1000000000000227,12.0,6.0,95.0,-5.0,116.0,-7.0,19.0,1.0,-12.0,30.0
216,2022-02-01,904.0,897.0,5.0,79.0,37.0,27.300000000000182,168.8000000000011,74.10000000000036,1.0,7.0,41.0,142.0,109.0,162.0,43.0,7.0,0.0,-13.0,20.0
217,2022-03-01,414.0,423.0,6.0,23.0,62.0,35.899999999999636,-22.100000000000364,25.399999999999636,0.5,26.0,15.0,133.0,54.0,54.0,11.0,-9.0,-1.0,-25.0,17.0
218,2022-04-01,254.0,226.0,9.0,6.0,52.0,24.900000000000546,-37.399999999999636,33.19999999999982,0.09999999999990905,17.0,37.0,-18.0,55.0,36.0,11.0,28.0,-2.0,14.0,16.0
219,2022-05-01,364.0,343.0,2.0,38.0,21.0,18.300000000000182,-51.399999999999636,45.30000000000018,0.7000000000000455,32.0,6.0,72.0,76.0,73.0,10.0,21.0,-3.0,15.0,9.0
220,2022-06-01,370.0,382.0,7.0,13.0,30.0,5.199999999999818,14.099999999998545,17.0,0.39999999999997726,22.0,3.0,89.0,96.0,75.0,10.0,-12.0,-17.0,-2.0,7.0
221,2022-07-01,568.0,493.0,6.0,24.0,41.0,16.0,9.400000000001455,19.400000000000546,1.3000000000000682,13.0,14.0,77.0,127.0,113.0,32.0,75.0,16.0,13.0,46.0
222,2022-08-01,352.0,306.0,-2.0,8.0,31.0,13.199999999999818,36.69999999999891,8.5,1.2999999999999545,8.0,9.0,48.0,92.0,48.0,4.0,46.0,-2.0,6.0,42.0
223,2022-09-01,350.0,344.0,2.0,16.0,26.0,8.300000000000182,-11.100000000000364,9.699999999999818,0.10000000000002274,3.0,2.0,48.0,80.0,139.0,21.0,6.0,2.0,6.0,-2.0
224,2022-10-01,324.0,299.0,3.0,17.0,37.0,15.800000000000182,-5.599999999998545,19.899999999999636,1.2999999999999545,3.0,18.0,36.0,85.0,61.0,8.0,25.0,4.0,-11.0,32.0
225,2022-11-01,290.0,228.0,8.0,19.0,14.0,-0.4000000000005457,-45.600000000000364,-37.099999999999454,-0.8999999999999773,13.0,11.0,0.0,95.0,123.0,29.0,62.0,2.0,12.0,48.0
226,2022-12-01,239.0,232.0,4.0,26.0,6.0,9.600000000000364,26.69999999999891,0.2999999999992724,-0.7000000000000455,-9.0,4.0,23.0,71.0,58.0,13.0,7.0,1.0,-29.0,35.0
227,2023-01-01,472.0,353.0,4.0,26.0,11.0,8.899999999999636,22.30000000000109,31.700000000000728,-1.599999999999909,-23.0,-1.0,44.0,111.0,99.0,21.0,119.0,12.0,69.0,38.0
228,2023-02-01,248.0,193.0,1.0,14.0,3.0,6.699999999999818,48.0,-17.700000000000728,-1.1000000000000227,-8.0,0.0,21.0,64.0,57.0,5.0,55.0,9.0,19.0,27.0
229,2023-03-01,217.0,157.0,2.0,-9.0,-12.0,3.5,-18.899999999999636,16.200000000000728,1.6999999999999318,3.0,-5.0,45.0,70.0,46.0,14.0,60.0,11.0,20.0,29.0
230,2023-04-01,217.0,179.0,5.0,11.0,9.0,-1.5,-2.0,-15.100000000000364,1.7000000000000455,3.0,27.0,48.0,77.0,11.0,5.0,38.0,4.0,7.0,27.0
231,2023-05-01,281.0,255.0,3.0,25.0,-4.0,7.700000000000728,20.899999999999636,18.600000000000364,0.7000000000000455,-4.0,13.0,45.0,88.0,28.0,13.0,26.0,9.0,14.0,3.0
232,2023-06-01,105.0,86.0,-1.0,29.0,4.0,-6.700000000000728,-22.700000000000728,-19.100000000000364,0.7999999999999545,-10.0,2.0,-1.0,79.0,26.0,6.0,19.0,6.0,15.0,-2.0
233,2023-07-01,236.0,145.0,2.0,12.0,-2.0,15.400000000000546,12.600000000000364,-6.800000000000182,-1.5,-19.0,15.0,-29.0,104.0,38.0,4.0,91.0,10.0,12.0,69.0
234,2023-08-01,227.0,177.0,0.0,36.0,11.0,0.0,0.3999999999996362,-18.899999999999636,2.3999999999999773,-21.0,2.0,11.0,97.0,44.0,14.0,50.0,11.0,24.0,15.0
235,2023-09-01,336.0,263.0,1.0,11.0,17.0,11.699999999999818,19.700000000000728,8.599999999999454,4.800000000000068,-5.0,3.0,21.0,70.0,96.0,4.0,73.0,6.0,29.0,38.0
