,Unnamed: 0,Month,Fedfund_rate,GDP_pch,CPI_pc1,Loan_pch,House_ch
0,0,1960-01-01,3.99,2.65759,1.24095,10.2,-197.0
1,1,1960-02-01,3.97,1.6754099999999998,1.41379,10.1,-164.0
2,2,1960-03-01,3.84,0.69323,1.51881,6.7,-511.0
3,3,1960-04-01,3.92,-0.28895,1.93237,6.6,-301.0
4,4,1960-05-01,3.85,0.0860699999999999,1.82507,3.3,-227.0
5,5,1960-06-01,3.32,0.4610899999999999,1.71762,6.6,-256.0
6,6,1960-07-01,3.23,0.83611,1.37221,9.8,-350.0
7,7,1960-08-01,2.98,0.2270700000000001,1.47361,9.7,-86.0
8,8,1960-09-01,2.6,-0.3819699999999998,1.23077,6.4,-443.0
9,9,1960-10-01,2.47,-0.99101,1.36286,6.4,-109.0
10,10,1960-11-01,2.44,-0.36319,1.46508,3.2,-170.0
11,11,1960-12-01,1.98,0.2646299999999999,1.36008,9.5,-538.0
12,12,1961-01-01,1.45,0.89245,1.60027,0.0,-277.0
13,13,1961-02-01,2.54,1.2388,1.46209,25.2,-277.0
14,14,1961-03-01,2.02,1.58515,1.46209,18.5,203.0
15,15,1961-04-01,1.49,1.9315,0.91401,-12.2,-123.0
16,16,1961-05-01,1.98,2.01482,0.91309,-6.1,-43.0
17,17,1961-06-01,1.73,2.09814,0.77676,0.0,135.0
18,18,1961-07-01,1.17,2.18146,1.25212,6.2,138.0
19,19,1961-08-01,2.0,2.2146166666666667,1.11449,3.1,-32.0
20,20,1961-09-01,1.88,2.2477733333333334,1.24958,-3.1,332.0
21,21,1961-10-01,2.26,2.28093,0.77311,6.1,169.0
22,22,1961-11-01,2.61,2.28998,0.67159,6.1,139.0
23,23,1961-12-01,2.33,2.29903,0.67092,3.0,302.0
24,24,1962-01-01,2.15,2.30808,0.67024,12.1,178.0
25,25,1962-02-01,2.37,1.8952233333333333,0.90483,6.0,52.0
26,26,1962-03-01,2.85,1.4823666666666666,1.1059,11.9,131.0
27,27,1962-04-01,2.78,1.06951,1.34183,3.0,358.0
28,28,1962-05-01,2.36,1.19388,1.34048,5.9,255.0
29,29,1962-06-01,2.68,1.31825,1.23995,11.7,22.0
30,30,1962-07-01,2.71,1.44262,1.00267,8.7,115.0
31,31,1962-08-01,2.93,1.13979,1.1356,8.7,205.0
32,32,1962-09-01,2.9,0.83696,1.46765,5.7,-105.0
33,33,1962-10-01,2.9,0.53413,1.33422,8.6,118.0
34,34,1962-11-01,2.94,0.8674,1.33422,5.7,237.0
35,35,1962-12-01,2.93,1.20067,1.23292,2.8,199.0
36,36,1963-01-01,2.92,1.53394,1.33156,11.2,-117.0
37,37,1963-02-01,3.0,1.4558666666666666,1.22883,13.9,178.0
38,38,1963-03-01,2.98,1.3777933333333334,1.12695,11.0,91.0
39,39,1963-04-01,2.9,1.29972,0.89374,8.2,165.0
40,40,1963-05-01,3.0,1.64414,0.89286,8.1,158.0
41,41,1963-06-01,2.99,1.98856,1.32406,8.1,184.0
42,42,1963-07-01,3.02,2.33298,1.55526,10.7,164.0
43,43,1963-08-01,3.49,2.04639,1.55218,-7.9,122.0
44,44,1963-09-01,3.48,1.7597999999999998,0.98619,18.7,439.0
45,45,1963-10-01,3.5,1.47321,1.21791,31.5,246.0
46,46,1963-11-01,3.48,1.7918,1.31666,7.7,0.0
47,47,1963-12-01,3.38,2.11039,1.64582,5.1,-73.0
48,48,1964-01-01,3.48,2.42898,1.64258,15.2,359.0
49,49,1964-02-01,3.48,2.0598366666666665,1.41076,12.5,364.0
50,50,1964-03-01,3.43,1.6906933333333334,1.40937,14.8,-17.0
51,51,1964-04-01,3.47,1.32155,1.54199,9.8,-241.0
52,52,1964-05-01,3.5,1.5370666666666666,1.54048,12.1,-174.0
53,53,1964-06-01,3.5,1.7525833333333334,1.30676,9.6,-38.0
54,54,1964-07-01,3.42,1.9681,1.07527,16.7,-52.0
55,55,1964-08-01,3.5,1.5667766666666667,0.97561,16.4,-70.0
56,56,1964-09-01,3.45,1.1654533333333332,1.17188,11.6,-308.0
57,57,1964-10-01,3.36,0.76413,1.20325,13.8,-255.0
58,58,1964-11-01,3.52,1.4879766666666667,1.39701,6.8,-136.0
59,59,1964-12-01,3.85,2.2118233333333333,1.19819,11.3,-7.0
60,60,1965-01-01,3.9,2.93567,1.0989,13.4,-242.0
61,61,1965-02-01,3.98,2.533,1.19702,8.8,-387.0
62,62,1965-03-01,4.05,2.13033,1.19586,11.0,-94.0
63,63,1965-04-01,4.09,1.72766,1.38934,13.0,-10.0
64,64,1965-05-01,4.1,2.025153333333334,1.61394,12.9,11.0
65,65,1965-06-01,4.05,2.3226466666666665,1.93486,10.6,-62.0
66,66,1965-07-01,4.09,2.62014,1.80529,14.8,-33.0
67,67,1965-08-01,4.12,2.7491766666666666,1.61031,14.6,-137.0
68,68,1965-09-01,4.02,2.8782133333333335,1.73745,10.3,27.0
69,69,1965-10-01,4.08,3.00725,1.70308,12.2,-72.0
70,70,1965-11-01,4.1,3.0359833333333333,1.73021,12.1,-26.0
71,71,1965-12-01,4.32,3.0647166666666665,1.92,4.0,172.0
72,72,1966-01-01,4.42,3.09345,1.91816,10.0,9.0
73,73,1966-02-01,4.6,2.4496566666666664,2.55754,9.9,-55.0
74,74,1966-03-01,4.66,1.8058633333333332,2.77866,9.8,-29.0
75,75,1966-04-01,4.67,1.16207,2.86807,5.8,-86.0
76,76,1966-05-01,4.9,1.3816433333333331,2.76366,5.8,-213.0
77,77,1966-06-01,5.17,1.6012166666666665,2.43594,7.7,-294.0
78,78,1966-07-01,5.3,1.82079,2.75491,3.8,-443.0
79,79,1966-08-01,5.53,1.769553333333333,3.48653,3.8,-313.0
80,80,1966-09-01,5.4,1.7183166666666665,3.57369,1.9,-436.0
81,81,1966-10-01,5.53,1.66708,3.79147,0.0,-609.0
82,82,1966-11-01,5.76,1.5461233333333333,3.55906,3.8,-499.0
83,83,1966-12-01,5.4,1.4251666666666667,3.3595,0.0,-666.0
84,84,1967-01-01,4.94,1.30421,3.1995,5.7,-303.0
85,85,1967-02-01,5.0,1.0595233333333334,2.86783,1.9,-255.0
86,86,1967-03-01,4.53,0.8148366666666667,2.54817,3.8,-338.0
87,87,1967-04-01,4.05,0.57015,2.54027,3.8,-261.0
88,88,1967-05-01,3.94,1.0181166666666668,2.31839,5.6,39.0
89,89,1967-06-01,3.98,1.4660833333333334,2.84126,7.4,54.0
90,90,1967-07-01,3.79,1.91405,2.92758,7.4,278.0
91,91,1967-08-01,3.9,1.9003733333333332,2.60337,9.2,288.0
92,92,1967-09-01,3.99,1.886696666666667,2.59542,9.1,375.0
93,93,1967-10-01,3.88,1.87302,2.58752,7.2,648.0
94,94,1967-11-01,4.13,2.3055866666666667,3.10219,9.0,577.0
95,95,1967-12-01,4.51,2.7381533333333334,3.28068,5.4,318.0
96,96,1968-01-01,4.61,3.17072,3.64742,8.9,313.0
97,97,1968-02-01,4.71,3.0286066666666667,3.63636,8.8,397.0
98,98,1968-03-01,5.05,2.8864933333333336,3.93939,10.5,410.0
99,99,1968-04-01,5.76,2.74438,3.92749,6.9,463.0
100,100,1968-05-01,6.12,2.4175566666666666,4.22961,8.6,104.0
101,101,1968-06-01,6.07,2.0907333333333336,4.2042,10.3,157.0
102,102,1968-07-01,6.03,1.76391,4.49102,10.2,148.0
103,103,1968-08-01,6.03,1.7791,4.47761,11.8,88.0
104,104,1968-09-01,5.78,1.79429,4.46429,15.0,135.0
105,105,1968-10-01,5.91,1.80948,4.74777,14.8,78.0
106,106,1968-11-01,5.82,2.077746666666666,4.42478,13.0,92.0
107,107,1968-12-01,6.02,2.3460133333333335,4.70588,9.7,240.0
108,108,1969-01-01,6.3,2.61428,4.69208,12.8,389.0
109,109,1969-02-01,6.61,2.2691266666666667,4.67836,9.5,185.0
110,110,1969-03-01,6.79,1.923973333333333,5.24781,12.5,95.0
111,111,1969-04-01,7.41,1.57882,5.52326,10.9,-30.0
112,112,1969-05-01,8.67,1.7441733333333331,5.50725,9.2,175.0
113,113,1969-06-01,8.9,1.9095266666666664,5.4755,3.1,123.0
114,114,1969-07-01,8.61,2.07488,5.44413,6.1,-144.0
115,115,1969-08-01,9.19,1.6483466666666666,5.42857,3.0,-137.0
116,116,1969-09-01,9.15,1.2218133333333334,5.69801,6.0,-49.0
117,117,1969-10-01,9.0,0.79528,5.66572,6.0,-188.0
118,118,1969-11-01,8.85,0.9493,5.9322,6.0,-401.0
119,119,1969-12-01,8.97,1.10332,5.89888,4.5,-221.0
120,120,1970-01-01,8.98,1.25734,6.16246,5.9,-684.0
121,121,1970-02-01,8.98,1.3511333333333333,6.42458,4.4,-400.0
122,122,1970-03-01,7.76,1.4449266666666667,6.09418,2.9,-242.0
123,123,1970-04-01,8.1,1.53872,6.06061,1.5,-260.0
124,124,1970-05-01,7.95,1.6093,6.04396,1.5,-293.0
125,125,1970-06-01,7.61,1.67988,6.01093,0.0,-143.0
126,126,1970-07-01,7.21,1.75046,5.70652,7.3,149.0
127,127,1970-08-01,6.62,1.2452066666666666,5.69106,7.3,41.0
128,128,1970-09-01,6.29,0.7399533333333332,5.66038,5.8,27.0
129,129,1970-10-01,6.2,0.2347,5.63003,2.9,199.0
130,130,1970-11-01,5.6,1.5817733333333333,5.6,1.4,418.0
131,131,1970-12-01,4.9,2.928846666666667,5.57029,5.7,566.0
132,132,1971-01-01,4.14,4.27592,5.27704,5.7,743.0
133,133,1971-02-01,3.72,3.4706466666666667,4.72441,7.1,436.0
134,134,1971-03-01,3.71,2.665373333333333,4.43864,11.3,591.0
135,135,1971-04-01,4.16,1.8601,4.15584,11.2,722.0
136,136,1971-05-01,4.63,1.857106666666667,4.40415,11.1,759.0
137,137,1971-06-01,4.91,1.8541133333333335,4.38144,9.6,641.0
138,138,1971-07-01,5.31,1.85112,4.37018,9.5,566.0
139,139,1971-08-01,5.57,1.5913366666666666,4.35897,10.8,759.0
140,140,1971-09-01,5.55,1.3315533333333334,4.08163,13.4,507.0
141,141,1971-10-01,5.2,1.07177,3.80711,13.2,548.0
142,142,1971-11-01,4.91,1.84342,3.53535,14.4,535.0
143,143,1971-12-01,4.14,2.61507,3.26633,10.4,402.0
144,144,1972-01-01,3.51,3.38672,3.25815,11.6,666.0
145,145,1972-02-01,3.3,3.22644,3.7594,16.5,649.0
146,146,1972-03-01,3.83,3.06616,3.5,17.6,424.0
147,147,1972-04-01,4.17,2.90588,3.49127,13.6,263.0
148,148,1972-05-01,4.27,2.5741666666666667,3.22581,14.7,172.0
149,149,1972-06-01,4.46,2.242453333333333,2.96296,12.1,228.0
150,150,1972-07-01,4.55,1.91074,2.95567,15.5,169.0
151,151,1972-08-01,4.81,2.2640366666666667,2.9484,17.7,224.0
152,152,1972-09-01,4.87,2.6173333333333333,3.18627,14.0,440.0
153,153,1972-10-01,5.05,2.97063,3.17848,14.9,357.0
154,154,1972-11-01,5.06,3.1991199999999997,3.41463,14.8,239.0
155,155,1972-12-01,5.33,3.42761,3.40633,7.9,71.0
156,156,1973-01-01,5.94,3.6561,3.64078,16.7,-13.0
157,157,1973-02-01,6.58,3.3181566666666664,3.86473,24.2,-101.0
158,158,1973-03-01,7.09,2.9802133333333334,4.83092,20.5,31.0
159,159,1973-04-01,7.12,2.64227,5.3012,15.9,-165.0
160,160,1973-05-01,7.84,2.23187,5.52885,12.5,45.0
161,161,1973-06-01,8.49,1.82147,5.9952,13.4,-187.0
162,162,1973-07-01,10.4,1.41107,5.74163,12.3,-129.0
163,163,1973-08-01,10.5,1.9276,7.39857,11.1,-331.0
164,164,1973-09-01,10.78,2.44413,7.36342,8.0,-607.0
165,165,1973-10-01,10.01,2.96066,8.05687,10.0,-808.0
166,166,1973-11-01,10.03,2.3106533333333332,8.25472,10.9,-697.0
167,167,1973-12-01,9.95,1.6606466666666666,8.94118,6.9,-840.0
168,168,1974-01-01,9.65,1.01064,9.60187,8.8,-1030.0
169,169,1974-02-01,8.97,1.5421166666666668,10.0,7.7,-537.0
170,170,1974-03-01,9.35,2.073593333333333,10.13825,7.7,-810.0
171,171,1974-04-01,10.51,2.60507,10.06865,6.7,-477.0
172,172,1974-05-01,11.31,2.38963,10.70615,4.7,-840.0
173,173,1974-06-01,11.93,2.17419,10.85973,4.7,-554.0
174,174,1974-07-01,12.92,1.95875,11.53846,2.8,-807.0
175,175,1974-08-01,12.01,2.1531066666666665,10.88889,0.9,-909.0
176,176,1974-09-01,11.34,2.3474633333333332,11.9469,2.8,-724.0
177,177,1974-10-01,10.06,2.54182,11.84211,0.0,-607.0
178,178,1974-11-01,9.45,2.037053333333333,12.20044,-1.9,-698.0
179,179,1974-12-01,8.53,1.5322866666666666,12.09503,-1.9,-551.0
180,180,1975-01-01,7.13,1.02752,11.75214,-1.9,-419.0
181,181,1975-02-01,6.24,1.42211,11.20507,2.8,-848.0
182,182,1975-03-01,5.54,1.8167,10.46025,-1.9,-562.0
183,183,1975-04-01,5.49,2.21129,10.18711,-5.6,-602.0
184,184,1975-05-01,5.22,2.64393,9.25926,-2.8,-305.0
185,185,1975-06-01,5.55,3.07657,9.18367,-0.9,-426.0
186,186,1975-07-01,6.1,3.50921,9.53347,0.9,-90.0
187,187,1975-08-01,6.14,3.35344,8.61723,3.8,118.0
188,188,1975-09-01,6.24,3.19767,7.90514,6.6,114.0
189,189,1975-10-01,5.82,3.0419,7.64706,7.5,274.0
190,190,1975-11-01,5.22,3.1376866666666667,7.37864,7.5,334.0
191,191,1975-12-01,5.2,3.2334733333333334,7.12909,8.3,346.0
192,192,1976-01-01,4.87,3.32926,6.69216,11.1,335.0
193,193,1976-02-01,4.77,2.8025933333333333,6.27376,5.5,634.0
194,194,1976-03-01,4.84,2.275926666666667,6.06061,10.0,428.0
195,195,1976-04-01,4.82,1.74926,5.84906,9.9,390.0
196,196,1976-05-01,5.29,1.78208,6.21469,8.9,338.0
197,197,1976-06-01,5.48,1.8149,5.98131,11.5,408.0
198,198,1976-07-01,5.31,1.84772,5.55556,8.8,175.0
199,199,1976-08-01,5.29,2.074883333333333,5.71956,10.5,290.0
200,200,1976-09-01,5.25,2.3020466666666666,5.49451,10.4,456.0
201,201,1976-10-01,5.02,2.52921,5.46448,11.1,285.0
202,202,1976-11-01,4.95,2.6231833333333334,5.06329,11.9,281.0
203,203,1976-12-01,4.65,2.7171566666666664,5.03597,10.1,483.0
204,204,1977-01-01,4.61,2.81113,5.19713,15.8,160.0
205,205,1977-02-01,4.68,3.0015033333333334,6.08229,16.5,405.0
206,206,1977-03-01,4.69,3.1918766666666665,6.42857,17.1,642.0
207,207,1977-04-01,4.73,3.38225,6.95187,17.6,497.0
208,208,1977-05-01,5.35,3.26921,6.73759,19.7,512.0
209,209,1977-06-01,5.39,3.15617,6.70194,16.3,398.0
210,210,1977-07-01,5.42,3.04313,6.66667,16.8,657.0
211,211,1977-08-01,5.9,2.74935,6.63176,16.6,470.0
212,212,1977-09-01,6.14,2.45557,6.42361,15.6,229.0
213,213,1977-10-01,6.47,2.16179,6.39033,16.9,413.0
214,214,1977-11-01,6.51,2.034003333333333,6.71256,16.0,401.0
215,215,1977-12-01,6.56,1.906216666666667,6.67808,17.9,338.0
216,216,1978-01-01,6.7,1.77843,6.81431,17.6,191.0
217,217,1978-02-01,6.78,3.1357933333333334,6.23946,15.3,-205.0
218,218,1978-03-01,6.79,4.493156666666667,6.37584,16.5,-31.0
219,219,1978-04-01,6.89,5.85052,6.5,19.6,305.0
220,220,1978-05-01,7.36,4.807006666666667,7.14286,20.6,104.0
221,221,1978-06-01,7.6,3.763493333333334,7.43802,21.6,177.0
222,222,1978-07-01,7.81,2.71998,7.73026,22.5,34.0
223,223,1978-08-01,8.04,2.9531133333333335,7.85597,24.0,-24.0
224,224,1978-09-01,8.45,3.1862466666666664,8.48287,10.5,21.0
225,225,1978-10-01,8.96,3.41938,8.92857,21.5,-61.0
226,226,1978-11-01,9.76,2.9478966666666664,8.87097,9.0,52.0
227,227,1978-12-01,10.03,2.476413333333334,8.98876,5.4,-98.0
228,228,1979-01-01,10.07,2.00493,9.2504,0.6,-88.0
229,229,1979-02-01,10.06,2.18937,9.84127,13.7,-218.0
230,230,1979-03-01,10.09,2.37381,10.25237,17.1,-185.0
231,231,1979-04-01,10.01,2.55825,10.48513,19.1,-449.0
232,232,1979-05-01,10.24,2.68724,10.69767,20.6,-199.0
233,233,1979-06-01,10.29,2.81623,11.07692,17.4,-157.0
234,234,1979-07-01,10.47,2.94522,11.45038,11.6,-332.0
235,235,1979-08-01,10.94,2.6672166666666666,11.83612,11.5,-218.0
236,236,1979-09-01,11.43,2.389213333333333,11.8797,8.1,-138.0
237,237,1979-10-01,13.77,2.11121,12.07154,5.4,-300.0
238,238,1979-11-01,13.18,2.214643333333333,12.59259,4.3,-570.0
239,239,1979-12-01,13.78,2.318076666666667,13.25479,0.5,-546.0
240,240,1980-01-01,13.82,2.42151,13.86861,4.3,-289.0
241,241,1980-02-01,14.13,1.7040700000000002,14.16185,10.1,-170.0
242,242,1980-03-01,17.19,0.98663,14.59227,2.6,-800.0
243,243,1980-04-01,17.61,0.26919,14.58924,-12.7,-697.0
244,244,1980-05-01,10.98,0.8840666666666666,14.42577,-17.1,-949.0
245,245,1980-06-01,9.47,1.4989433333333333,14.26593,-11.4,-717.0
246,246,1980-07-01,9.03,2.11382,13.15068,-3.8,-491.0
247,247,1980-08-01,9.61,2.9154233333333335,12.89009,-2.7,-342.0
248,248,1980-09-01,10.87,3.7170266666666665,12.76882,-3.3,-361.0
249,249,1980-10-01,12.81,4.51863,12.63298,0.0,-158.0
250,250,1980-11-01,15.85,4.560416666666667,12.63158,1.1,-14.0
251,251,1980-12-01,18.9,4.602203333333333,12.35371,0.0,-16.0
252,252,1981-01-01,19.08,4.64399,11.79487,1.1,206.0
253,253,1981-02-01,15.93,3.5049066666666664,11.39241,2.2,-104.0
254,254,1981-03-01,14.7,2.365823333333333,10.61174,4.4,259.0
255,255,1981-04-01,15.72,1.22674,10.13597,0.5,309.0
256,256,1981-05-01,18.52,1.8515666666666668,9.79192,5.5,213.0
257,257,1981-06-01,19.1,2.4763933333333332,9.69697,2.7,-151.0
258,258,1981-07-01,19.04,3.10122,10.77482,0.0,-228.0
259,259,1981-08-01,17.82,2.2740766666666667,10.81731,4.3,-496.0
260,260,1981-09-01,15.87,1.4469333333333334,10.96544,2.7,-560.0
261,261,1981-10-01,15.08,0.61979,10.27155,-0.5,-650.0
262,262,1981-11-01,13.31,0.3469899999999999,9.57944,-1.1,-673.0
263,263,1981-12-01,12.37,0.0741899999999999,8.91204,0.5,-572.0
264,264,1982-01-01,13.22,-0.19861,8.25688,3.2,-704.0
265,265,1982-02-01,14.78,0.45469,7.61364,3.2,-380.0
266,266,1982-03-01,14.68,1.10799,6.88488,2.1,-375.0
267,267,1982-04-01,14.94,1.76129,6.62177,4.8,-443.0
268,268,1982-05-01,14.45,1.5178333333333334,6.91193,3.2,-115.0
269,269,1982-06-01,14.15,1.2743766666666667,7.18232,6.4,-143.0
270,270,1982-07-01,12.59,1.03092,6.55738,0.5,125.0
271,271,1982-08-01,10.12,1.04612,5.96529,1.1,106.0
272,272,1982-09-01,10.31,1.06132,4.94092,1.1,233.0
273,273,1982-10-01,9.71,1.07652,5.03212,2.1,300.0
274,274,1982-11-01,9.2,1.4117833333333334,4.47761,2.6,535.0
275,275,1982-12-01,8.95,1.7470466666666669,3.82572,5.8,393.0
276,276,1983-01-01,8.68,2.08231,3.70763,1.6,743.0
277,277,1983-02-01,8.51,2.400036666666667,3.48469,2.6,833.0
278,278,1983-03-01,8.77,2.717763333333333,3.59029,6.8,675.0
279,279,1983-04-01,8.8,3.03549,4.0,7.8,555.0
280,280,1983-05-01,8.63,3.05128,3.44108,9.3,751.0
281,281,1983-06-01,8.98,3.06707,2.47423,10.7,831.0
282,282,1983-07-01,9.37,3.08286,2.35897,16.2,619.0
283,283,1983-08-01,9.56,3.0087233333333336,2.4565,18.0,864.0
284,284,1983-09-01,9.45,2.9345866666666667,2.76356,16.8,566.0
285,285,1983-10-01,9.48,2.86045,2.75229,21.9,542.0
286,286,1983-11-01,9.34,2.9026333333333336,3.16327,19.1,413.0
287,287,1983-12-01,9.47,2.944816666666666,3.7871,17.4,385.0
288,288,1984-01-01,9.56,2.987,4.29009,13.0,311.0
289,289,1984-02-01,9.59,2.857466666666667,4.69388,18.8,561.0
290,290,1984-03-01,9.91,2.727933333333333,4.89297,14.9,57.0
291,291,1984-04-01,10.29,2.5984,4.55466,18.7,379.0
292,292,1984-05-01,10.32,2.352853333333333,4.33468,21.5,-2.0
293,293,1984-06-01,11.06,2.1073066666666667,4.32596,20.3,110.0
294,294,1984-07-01,11.23,1.86176,4.30862,15.3,-53.0
295,295,1984-08-01,11.64,1.76596,4.2957,14.2,-324.0
296,296,1984-09-01,11.3,1.67016,4.28287,16.1,-12.0
297,297,1984-10-01,9.99,1.57436,4.26587,15.1,-125.0
298,298,1984-11-01,9.43,1.70536,4.1543,17.3,-96.0
299,299,1984-12-01,8.38,1.83636,4.04339,20.7,-76.0
300,300,1985-01-01,8.35,1.96736,3.52595,19.9,-186.0
301,301,1985-02-01,8.5,1.8215533333333336,3.60624,19.6,-628.0
302,302,1985-03-01,8.58,1.6757466666666667,3.79009,17.4,137.0
303,303,1985-04-01,8.27,1.52994,3.5818,17.1,-30.0
304,304,1985-05-01,7.97,1.7331033333333334,3.57488,19.1,-94.0
305,305,1985-06-01,7.53,1.9362666666666664,3.66442,15.6,-167.0
306,306,1985-07-01,7.88,2.13943,3.45821,16.4,-48.0
307,307,1985-08-01,7.9,1.8618466666666664,3.35249,13.7,157.0
308,308,1985-09-01,7.92,1.5842633333333334,3.24737,9.4,-22.0
309,309,1985-10-01,7.99,1.30668,3.23501,13.8,244.0
310,310,1985-11-01,8.05,1.3496566666666667,3.51377,8.2,9.0
311,311,1985-12-01,8.27,1.3926333333333334,3.79147,6.8,330.0
312,312,1986-01-01,8.14,1.43561,3.97351,7.1,261.0
313,313,1986-02-01,7.86,1.2339666666666669,3.19849,7.0,216.0
314,314,1986-03-01,7.48,1.0323233333333333,2.15356,4.7,76.0
315,315,1986-04-01,6.99,0.83068,1.58879,6.0,112.0
316,316,1986-05-01,6.85,1.0108766666666666,1.6791,6.9,174.0
317,317,1986-06-01,6.92,1.1910733333333332,1.76744,8.9,171.0
318,318,1986-07-01,6.56,1.37127,1.67131,9.5,98.0
319,319,1986-08-01,6.17,1.2755933333333334,1.57553,6.8,64.0
320,320,1986-09-01,5.89,1.1799166666666667,1.75763,6.4,11.0
321,321,1986-10-01,5.85,1.08424,1.56682,6.7,-153.0
322,322,1986-11-01,6.04,1.1846433333333335,1.2844,6.0,-75.0
323,323,1986-12-01,6.91,1.285046666666667,1.18721,7.3,-109.0
324,324,1987-01-01,6.43,1.38545,1.36488,0.0,-198.0
325,325,1987-02-01,6.1,1.51661,1.91431,0.9,-64.0
326,326,1987-03-01,6.13,1.64777,2.84143,2.8,-150.0
327,327,1987-04-01,6.37,1.77893,3.67985,2.8,-319.0
328,328,1987-05-01,6.85,1.729666666666667,3.66972,-0.3,-226.0
329,329,1987-06-01,6.73,1.6804033333333332,3.74771,-6.3,-253.0
330,330,1987-07-01,6.58,1.63114,3.92694,4.7,-207.0
331,331,1987-08-01,6.73,1.929803333333333,4.28832,7.5,-202.0
332,332,1987-09-01,7.22,2.228466666666667,4.27273,7.5,8.0
333,333,1987-10-01,7.29,2.52713,4.35572,7.7,-166.0
334,334,1987-11-01,6.69,2.11991,4.52899,2.2,33.0
335,335,1987-12-01,6.77,1.7126899999999998,4.33213,7.4,-433.0
336,336,1988-01-01,6.83,1.30547,4.12926,25.3,-503.0
337,337,1988-02-01,6.58,1.6368266666666669,3.9356,7.5,-311.0
338,338,1988-03-01,6.58,1.9681833333333332,3.83244,12.5,-194.0
339,339,1988-04-01,6.87,2.29954,3.9929,-4.4,-41.0
340,340,1988-05-01,7.09,2.129033333333333,3.9823,5.3,-207.0
341,341,1988-06-01,7.51,1.9585266666666663,3.96476,7.3,-116.0
342,342,1988-07-01,7.75,1.78802,4.13005,6.7,-108.0
343,343,1988-08-01,8.01,1.9281966666666663,4.11199,6.1,-112.0
344,344,1988-09-01,8.19,2.068373333333333,4.18483,4.3,-203.0
345,345,1988-10-01,8.3,2.20855,4.26087,6.9,7.0
346,346,1988-11-01,8.35,2.1622066666666666,4.2461,3.1,-87.0
347,347,1988-12-01,8.76,2.115863333333333,4.41176,8.3,163.0
348,348,1989-01-01,9.12,2.06952,4.48276,4.0,350.0
349,349,1989-02-01,9.36,1.99182,4.64716,2.3,-48.0
350,350,1989-03-01,9.85,1.91412,4.8927,5.9,-110.0
351,351,1989-04-01,9.84,1.83642,5.03413,5.6,-234.0
352,352,1989-05-01,9.81,1.71665,5.2766,4.7,-90.0
353,353,1989-06-01,9.53,1.59688,5.16949,2.8,-81.0
354,354,1989-07-01,9.24,1.47711,5.06329,6.4,-40.0
355,355,1989-08-01,8.99,1.288333333333333,4.62185,4.7,-161.0
356,356,1989-09-01,9.02,1.0995566666666667,4.43515,5.5,-213.0
357,357,1989-10-01,8.84,0.91078,4.58716,4.9,-112.0
358,358,1989-11-01,8.55,1.3348633333333333,4.65503,5.5,-218.0
359,359,1989-12-01,8.45,1.7589466666666669,4.6396,4.1,-312.0
360,360,1990-01-01,8.23,2.18303,5.19802,5.7,-70.0
361,361,1990-02-01,8.24,1.95102,5.26316,1.1,12.0
362,362,1990-03-01,8.28,1.71901,5.23732,-0.8,-133.0
363,363,1990-04-01,8.26,1.487,4.71162,-4.0,-91.0
364,364,1990-05-01,8.18,1.29943,4.3654,3.5,-119.0
365,365,1990-06-01,8.29,1.11186,4.67365,-1.9,-220.0
366,366,1990-07-01,8.15,0.92429,4.81928,-8.9,-256.0
367,367,1990-08-01,8.13,0.5586533333333333,5.70281,4.1,-217.0
368,368,1990-09-01,8.2,0.1930166666666667,6.16987,0.5,-169.0
369,369,1990-10-01,8.11,-0.17262,6.37959,4.1,-396.0
370,370,1990-11-01,7.81,0.0539266666666666,6.19539,-1.6,-206.0
371,371,1990-12-01,7.31,0.2804733333333333,6.25495,1.9,-282.0
372,372,1991-01-01,6.91,0.50702,5.64706,-13.5,-753.0
373,373,1991-02-01,6.25,0.8444,5.3125,-1.4,-472.0
374,374,1991-03-01,6.12,1.18178,4.82115,-0.3,-368.0
375,375,1991-04-01,5.91,1.51916,4.80993,-0.3,-247.0
376,376,1991-05-01,5.78,1.4429833333333333,5.03486,1.6,-216.0
377,377,1991-06-01,5.9,1.3668066666666667,4.69592,-2.7,-141.0
378,378,1991-07-01,5.82,1.29063,4.36782,-4.1,-108.0
379,379,1991-08-01,5.66,1.17519,3.79939,0.5,-66.0
380,380,1991-09-01,5.45,1.05975,3.39623,0.0,-95.0
381,381,1991-10-01,5.21,0.94431,2.84858,-4.4,65.0
382,382,1991-11-01,4.81,1.1539833333333334,3.06657,3.3,-42.0
383,383,1991-12-01,4.43,1.3636566666666663,2.98063,5.8,110.0
384,384,1992-01-01,4.03,1.57333,2.67261,4.1,378.0
385,385,1992-02-01,4.06,1.6128733333333332,2.81899,0.0,285.0
386,386,1992-03-01,3.98,1.6524166666666666,3.18991,1.1,376.0
387,387,1992-04-01,3.73,1.69196,3.18283,1.9,98.0
388,388,1992-05-01,3.82,1.6218766666666666,3.0236,-2.2,218.0
389,389,1992-06-01,3.76,1.5517933333333334,3.01471,3.3,109.0
390,390,1992-07-01,3.25,1.48171,3.15712,1.9,76.0
391,391,1992-08-01,3.3,1.56731,3.07467,-1.9,177.0
392,392,1992-09-01,3.22,1.65291,2.9927,1.9,171.0
393,393,1992-10-01,3.1,1.73851,3.27988,-3.3,165.0
394,394,1992-11-01,3.09,1.401773333333333,3.12046,3.3,111.0
395,395,1992-12-01,2.92,1.0650366666666666,2.96671,7.3,148.0
396,396,1993-01-01,3.02,0.7283,3.2538,12.4,34.0
397,397,1993-02-01,3.03,0.8792266666666666,3.24675,9.1,-40.0
398,398,1993-03-01,3.07,1.0301533333333333,3.01941,5.3,-214.0
399,399,1993-04-01,2.96,1.18108,3.15638,7.6,159.0
400,400,1993-05-01,3.0,1.14554,3.22119,12.8,46.0
401,401,1993-06-01,3.04,1.11,2.99786,9.3,135.0
402,402,1993-07-01,3.06,1.07446,2.84698,16.2,115.0
403,403,1993-08-01,3.03,1.3539033333333332,2.84091,8.6,74.0
404,404,1993-09-01,3.09,1.6333466666666667,2.764,6.3,157.0
405,405,1993-10-01,2.99,1.91279,2.75229,16.0,148.0
406,406,1993-11-01,3.02,1.7595466666666666,2.74455,12.9,162.0
407,407,1993-12-01,2.96,1.6063033333333334,2.81096,13.9,306.0
408,408,1994-01-01,3.05,1.45306,2.45098,10.2,62.0
409,409,1994-02-01,3.25,1.583683333333333,2.51572,12.5,127.0
410,410,1994-03-01,3.34,1.7143066666666666,2.65178,12.1,481.0
411,411,1994-04-01,3.56,1.84493,2.36439,18.8,207.0
412,412,1994-05-01,4.01,1.6169866666666666,2.28849,15.0,266.0
413,413,1994-06-01,4.25,1.3890433333333334,2.4948,12.3,129.0
414,414,1994-07-01,4.26,1.1611,2.69896,23.5,185.0
415,415,1994-08-01,4.47,1.3388466666666667,2.90055,15.7,150.0
416,416,1994-09-01,4.73,1.5165933333333332,2.96552,14.9,131.0
417,417,1994-10-01,4.76,1.69434,2.60989,21.0,58.0
418,418,1994-11-01,5.29,1.4291266666666669,2.60274,9.8,135.0
419,419,1994-12-01,5.45,1.1639133333333334,2.5974,14.1,-78.0
420,420,1995-01-01,5.53,0.8987,2.87081,13.7,135.0
421,421,1995-02-01,5.92,0.8592833333333334,2.86299,6.6,-21.0
422,422,1995-03-01,5.98,0.8198666666666666,2.78722,10.7,-315.0
423,423,1995-04-01,6.05,0.78045,3.125,16.8,-198.0
424,424,1995-05-01,6.01,0.9693533333333332,3.11864,8.4,-212.0
425,425,1995-06-01,6.0,1.1582566666666665,3.0426,12.9,-128.0
426,426,1995-07-01,5.85,1.34716,2.83019,9.6,22.0
427,427,1995-08-01,5.74,1.2862333333333331,2.61745,10.0,-34.0
428,428,1995-09-01,5.8,1.2253066666666663,2.54521,5.2,-105.0
429,429,1995-10-01,5.76,1.16438,2.74431,-0.4,-81.0
430,430,1995-11-01,5.8,1.18745,2.60347,7.7,-59.0
431,431,1995-12-01,5.6,1.21052,2.53165,7.9,-24.0
432,432,1996-01-01,5.56,1.23359,2.7907,27.2,60.0
433,433,1996-02-01,5.22,1.5187266666666666,2.71703,32.2,175.0
434,434,1996-03-01,5.31,1.8038633333333332,2.84392,46.6,175.0
435,435,1996-04-01,5.22,2.089,2.83267,22.0,249.0
436,436,1996-05-01,5.24,1.8016866666666669,2.82709,-2.9,190.0
437,437,1996-06-01,5.27,1.5143733333333331,2.82152,4.6,186.0
438,438,1996-07-01,5.4,1.22706,2.88336,0.0,11.0
439,439,1996-08-01,5.22,1.3442433333333337,2.8123,8.2,141.0
440,440,1996-09-01,5.3,1.4614266666666669,3.00457,10.0,106.0
441,441,1996-10-01,5.24,1.57861,3.06189,12.6,23.0
442,442,1996-11-01,5.31,1.4676066666666667,3.25309,6.5,37.0
443,443,1996-12-01,5.29,1.3566033333333334,3.37882,4.0,-61.0
444,444,1997-01-01,5.25,1.2456,3.03814,10.2,-112.0
445,445,1997-02-01,5.19,1.45289,3.03226,5.1,-5.0
446,446,1997-03-01,5.39,1.66018,2.76527,-1.6,33.0
447,447,1997-04-01,5.51,1.86747,2.43434,9.5,-24.0
448,448,1997-05-01,5.5,1.80843,2.23785,5.7,-62.0
449,449,1997-06-01,5.56,1.74939,2.23357,11.1,27.0
450,450,1997-07-01,5.52,1.69035,2.16561,6.7,-35.0
451,451,1997-08-01,5.54,1.523553333333333,2.29008,3.2,-167.0
452,452,1997-09-01,5.54,1.3567566666666666,2.2194,-4.6,71.0
453,453,1997-10-01,5.5,1.18996,2.08597,-3.8,128.0
454,454,1997-11-01,5.52,1.1757466666666665,1.89036,8.1,21.0
455,455,1997-12-01,5.5,1.1615333333333333,1.69705,5.7,196.0
456,456,1998-01-01,5.56,1.14732,1.63112,16.9,170.0
457,457,1998-02-01,5.51,1.15293,1.4402,4.5,98.0
458,458,1998-03-01,5.49,1.15854,1.37672,6.5,110.0
459,459,1998-04-01,5.45,1.16415,1.4384,8.5,48.0
460,460,1998-05-01,5.49,1.3387266666666666,1.68856,5.7,94.0
461,461,1998-06-01,5.56,1.5133033333333334,1.62297,8.4,147.0
462,462,1998-07-01,5.54,1.68788,1.74564,1.4,261.0
463,463,1998-08-01,5.55,1.7571,1.61692,7.0,224.0
464,464,1998-09-01,5.51,1.82632,1.4268,6.0,36.0
465,465,1998-10-01,5.07,1.89554,1.48607,5.5,195.0
466,466,1998-11-01,4.83,1.6857966666666666,1.48423,3.4,150.0
467,467,1998-12-01,4.68,1.4760533333333334,1.60692,-0.6,226.0
468,468,1999-01-01,4.63,1.26631,1.66667,2.4,223.0
469,469,1999-02-01,4.76,1.24983,1.66667,2.4,86.0
470,470,1999-03-01,4.81,1.23335,1.7284,1.2,143.0
471,471,1999-04-01,4.74,1.21687,2.28113,9.2,13.0
472,472,1999-05-01,4.74,1.37256,2.09102,1.5,75.0
473,473,1999-06-01,4.76,1.52825,1.9656,8.8,-82.0
474,474,1999-07-01,4.99,1.68394,2.14461,5.5,-29.0
475,475,1999-08-01,5.07,1.8574633333333332,2.26438,2.2,34.0
476,476,1999-09-01,5.22,2.0309866666666667,2.62997,8.2,53.0
477,477,1999-10-01,5.2,2.20451,2.56254,4.7,-107.0
478,478,1999-11-01,5.42,1.8131366666666664,2.62035,6.1,-12.0
479,479,1999-12-01,5.3,1.4217633333333333,2.6764,11.7,-84.0
480,480,2000-01-01,5.45,1.03039,2.79296,6.9,-112.0
481,481,2000-02-01,5.73,1.50522,3.21797,8.8,67.0
482,482,2000-03-01,5.85,1.98005,3.76214,8.3,-106.0
483,483,2000-04-01,6.02,2.45488,3.01386,3.0,73.0
484,484,2000-05-01,6.27,1.8657266666666668,3.13253,2.8,-36.0
485,485,2000-06-01,6.53,1.2765733333333331,3.73494,4.3,0.0
486,486,2000-07-01,6.54,0.68742,3.59928,-18.1,-206.0
487,487,2000-08-01,6.5,0.8381233333333333,3.35129,10.6,-107.0
488,488,2000-09-01,6.52,0.9888266666666666,3.4565,5.9,-128.0
489,489,2000-10-01,6.51,1.13953,3.45033,10.0,-59.0
490,490,2000-11-01,6.51,0.8698433333333333,3.44418,4.6,-97.0
491,491,2000-12-01,6.4,0.6001566666666667,3.43602,12.6,-176.0
492,492,2001-01-01,5.98,0.33047,3.7212,4.6,-36.0
493,493,2001-02-01,5.49,0.6302666666666666,3.52941,8.4,-112.0
494,494,2001-03-01,5.31,0.9300633333333332,2.98246,9.4,-14.0
495,495,2001-04-01,4.8,1.22986,3.21826,5.3,23.0
496,496,2001-05-01,4.21,0.8168233333333332,3.56308,7.3,30.0
497,497,2001-06-01,3.97,0.4037866666666666,3.19396,6.3,77.0
498,498,2001-07-01,3.77,-0.00925,2.72148,8.6,207.0
499,499,2001-08-01,3.65,0.1902366666666666,2.72148,2.3,26.0
500,500,2001-09-01,3.07,0.3897233333333333,2.59217,3.3,55.0
501,501,2001-10-01,2.49,0.58921,2.12766,1.2,-9.0
502,502,2001-11-01,2.09,0.7775133333333334,1.89437,12.2,51.0
503,503,2001-12-01,1.82,0.9658166666666668,1.60367,3.2,36.0
504,504,2002-01-01,1.73,1.15412,1.1959,-2.4,98.0
505,505,2002-02-01,1.74,1.09077,1.13636,1.1,204.0
506,506,2002-03-01,1.73,1.02742,1.36286,3.5,52.0
507,507,2002-04-01,1.75,0.96407,1.64399,20.2,-57.0
508,508,2002-05-01,1.75,0.9384066666666666,1.24083,-5.0,159.0
509,509,2002-06-01,1.75,0.9127433333333334,1.06922,2.6,81.0
510,510,2002-07-01,1.73,0.88708,1.46561,3.1,-15.0
511,511,2002-08-01,1.74,0.8262533333333333,1.74746,12.1,66.0
512,512,2002-09-01,1.75,0.7654266666666667,1.516,9.8,242.0
513,513,2002-10-01,1.75,0.7046,2.02703,11.4,108.0
514,514,2002-11-01,1.34,0.8093400000000001,2.25352,4.5,151.0
515,515,2002-12-01,1.24,0.91408,2.48027,5.3,220.0
516,516,2003-01-01,1.24,1.01882,2.75746,33.4,155.0
517,517,2003-02-01,1.26,1.09278,3.14607,6.4,-200.0
518,518,2003-03-01,1.25,1.16674,3.02521,2.2,84.0
519,519,2003-04-01,1.26,1.2407,2.17513,4.6,51.0
520,520,2003-05-01,1.26,1.5752633333333332,1.89415,11.5,-13.0
521,521,2003-06-01,1.22,1.9098266666666663,1.94878,-2.1,150.0
522,522,2003-07-01,1.01,2.24439,2.05556,1.5,242.0
523,523,2003-08-01,1.03,2.0886666666666667,2.21607,0.6,200.0
524,524,2003-09-01,1.01,1.9329433333333337,2.37832,-3.5,135.0
525,525,2003-10-01,1.01,1.77722,2.04194,1.5,319.0
526,526,2003-11-01,1.0,1.6129766666666667,1.92837,5.3,330.0
527,527,2003-12-01,0.98,1.4487333333333332,2.0352,-1.5,269.0
528,528,2004-01-01,1.0,1.28449,2.02629,6.8,58.0
529,529,2004-02-01,1.01,1.3857266666666666,1.68845,2.3,217.0
530,530,2004-03-01,1.0,1.4869633333333334,1.74008,5.5,272.0
531,531,2004-04-01,1.0,1.5882,2.29258,7.9,360.0
532,532,2004-05-01,1.0,1.58852,2.89776,6.3,230.0
533,533,2004-06-01,1.03,1.58884,3.16767,1.3,-39.0
534,534,2004-07-01,1.26,1.58916,2.93958,3.9,105.0
535,535,2004-08-01,1.43,1.660553333333333,2.54743,-0.3,191.0
536,536,2004-09-01,1.61,1.7319466666666663,2.53917,0.3,-34.0
537,537,2004-10-01,1.76,1.80334,3.19091,-2.5,105.0
538,538,2004-11-01,1.93,1.8410266666666664,3.62162,6.0,-301.0
539,539,2004-12-01,2.16,1.8787133333333337,3.34232,9.0,-15.0
540,540,2005-01-01,2.28,1.9164,2.84487,0.3,233.0
541,541,2005-02-01,2.5,1.6832466666666668,3.05303,1.5,361.0
542,542,2005-03-01,2.63,1.4500933333333332,3.20684,3.5,-134.0
543,543,2005-04-01,2.79,1.21694,3.36179,-0.4,58.0
544,544,2005-05-01,3.0,1.3787366666666665,2.86929,-1.4,44.0
545,545,2005-06-01,3.04,1.5405333333333333,2.54103,-0.3,240.0
546,546,2005-07-01,3.26,1.70233,3.06716,5.9,52.0
547,547,2005-08-01,3.5,1.5953766666666669,3.64693,6.4,71.0
548,548,2005-09-01,3.62,1.4884233333333332,4.74183,6.4,246.0
549,549,2005-10-01,3.78,1.38147,4.3501,2.6,-7.0
550,550,2005-11-01,4.0,1.60884,3.33855,-1.0,365.0
551,551,2005-12-01,4.16,1.83621,3.33855,0.0,-48.0
552,552,2006-01-01,4.29,2.06358,4.01879,2.8,129.0
553,553,2006-02-01,4.49,1.75384,3.63825,4.1,-88.0
554,554,2006-03-01,4.59,1.4441000000000002,3.41792,4.1,105.0
555,555,2006-04-01,4.79,1.13436,3.61384,5.4,-240.0
556,556,2006-05-01,4.94,1.0392333333333332,3.97727,7.8,-83.0
557,557,2006-06-01,4.99,0.9441066666666666,4.18172,4.5,-266.0
558,558,2006-07-01,5.24,0.84898,4.10467,5.6,-317.0
559,559,2006-08-01,5.25,0.9730266666666666,3.92657,7.4,-445.0
560,560,2006-09-01,5.25,1.0970733333333331,2.01207,4.9,-431.0
561,561,2006-10-01,5.25,1.22112,1.40633,6.1,-574.0
562,562,2006-11-01,5.25,1.2321633333333333,1.9687,4.5,-577.0
563,563,2006-12-01,5.24,1.2432066666666668,2.52398,6.4,-345.0
564,564,2007-01-01,5.25,1.25425,2.07577,4.8,-864.0
565,565,2007-02-01,5.26,1.2733166666666669,2.42026,4.8,-639.0
566,566,2007-03-01,5.26,1.2923833333333334,2.7982,3.8,-474.0
567,567,2007-04-01,5.25,1.31145,2.59292,5.2,-331.0
568,568,2007-05-01,5.25,1.2493266666666667,2.70989,4.6,-527.0
569,569,2007-06-01,5.25,1.1872033333333334,2.69277,6.2,-354.0
570,570,2007-07-01,5.26,1.12508,2.31789,2.2,-383.0
571,571,2007-08-01,5.02,1.0955166666666667,1.89745,7.4,-320.0
572,572,2007-09-01,4.94,1.0659533333333333,2.83383,6.8,-537.0
573,573,2007-10-01,4.76,1.03639,3.6107,4.2,-227.0
574,574,2007-11-01,4.49,0.6716266666666666,4.37327,8.6,-373.0
575,575,2007-12-01,4.24,0.3068633333333332,4.10881,5.4,-612.0
576,576,2008-01-01,3.94,-0.0579,4.2947,3.3,-325.0
577,577,2008-02-01,2.98,0.3221533333333333,4.14296,7.4,-377.0
578,578,2008-03-01,2.61,0.7022066666666668,3.9749,9.3,-490.0
579,579,2008-04-01,2.28,1.08226,3.90376,8.3,-477.0
580,580,2008-05-01,1.98,0.79617,4.08841,6.7,-442.0
581,581,2008-06-01,2.0,0.51008,4.93597,4.0,-402.0
582,582,2008-07-01,2.01,0.22399,5.49751,6.7,-431.0
583,583,2008-08-01,2.0,-0.5012533333333333,5.30802,3.4,-486.0
584,584,2008-09-01,1.81,-1.2264966666666668,4.95332,2.5,-363.0
585,585,2008-10-01,0.97,-1.95174,3.73106,4.1,-487.0
586,586,2008-11-01,0.39,-1.7057433333333334,1.09992,-2.0,-545.0
587,587,2008-12-01,0.16,-1.4597466666666667,-0.02223,-3.3,-477.0
588,588,2009-01-01,0.15,-1.21375,-0.11359,15.7,-594.0
589,589,2009-02-01,0.22,-0.9238866666666667,0.00846,7.7,-521.0
590,590,2009-03-01,0.18,-0.6340233333333334,-0.44648,-5.9,-500.0
591,591,2009-04-01,0.15,-0.34416,-0.57632,-5.1,-535.0
592,592,2009-05-01,0.18,-0.0726466666666666,-1.01576,-3.1,-433.0
593,593,2009-06-01,0.21,0.1988666666666666,-1.22917,-11.5,-461.0
594,594,2009-07-01,0.16,0.47038,-1.95876,-7.1,-329.0
595,595,2009-08-01,0.16,0.7804433333333334,-1.48384,-6.2,-258.0
596,596,2009-09-01,0.15,1.0905066666666667,-1.37794,-6.2,-235.0
597,597,2009-10-01,0.12,1.40057,-0.22397,-4.4,-243.0
598,598,2009-11-01,0.12,1.1916233333333337,1.91459,-12.7,-64.0
599,599,2009-12-01,0.12,0.9826766666666666,2.81412,-11.2,21.0
600,600,2010-01-01,0.11,0.77373,2.62111,-4.3,124.0
601,601,2010-02-01,0.13,1.00253,2.15134,-9.3,22.0
602,602,2010-03-01,0.16,1.23133,2.28617,-15.3,131.0
603,603,2010-04-01,0.2,1.46013,2.20677,-14.8,209.0
604,604,2010-05-01,0.2,1.3325933333333333,2.00355,-9.5,43.0
605,605,2010-06-01,0.18,1.2050566666666669,1.12156,-9.8,-49.0
606,606,2010-07-01,0.18,1.07752,1.34078,-3.9,-48.0
607,607,2010-08-01,0.19,1.0878966666666667,1.15018,-3.2,13.0
608,608,2010-09-01,0.19,1.0982733333333332,1.11831,-12.5,9.0
609,609,2010-10-01,0.19,1.10865,1.1667,-8.0,9.0
610,610,2010-11-01,0.19,0.83049,1.08454,-5.8,-43.0
611,611,2010-12-01,0.18,0.55233,1.43779,-0.5,-42.0
612,612,2011-01-01,0.17,0.27417,1.70078,-10.7,16.0
613,613,2011-02-01,0.16,0.6302766666666666,2.1249,-5.1,-87.0
614,614,2011-03-01,0.14,0.9863833333333332,2.61924,0.5,-36.0
615,615,2011-04-01,0.1,1.34249,3.07723,2.8,-133.0
616,616,2011-05-01,0.09,1.088126666666667,3.45897,-2.3,-22.0
617,617,2011-06-01,0.09,0.8337633333333333,3.50232,4.2,72.0
618,618,2011-07-01,0.07,0.5794,3.57988,-1.3,77.0
619,619,2011-08-01,0.1,0.8007666666666667,3.755,-1.2,-14.0
620,620,2011-09-01,0.08,1.0221333333333331,3.81262,-2.1,56.0
621,621,2011-10-01,0.07,1.2435,3.52227,-3.3,67.0
622,622,2011-11-01,0.08,1.30567,3.45143,1.4,166.0
623,623,2011-12-01,0.07,1.36784,3.06207,2.4,155.0
624,624,2012-01-01,0.08,1.43001,3.00877,-0.6,93.0
625,625,2012-02-01,0.1,1.2402533333333334,2.89818,-2.0,187.0
626,626,2012-03-01,0.13,1.0504966666666666,2.58288,4.6,95.0
627,627,2012-04-01,0.14,0.86074,2.27316,0.1,199.0
628,628,2012-05-01,0.16,0.8050533333333333,1.73794,1.1,147.0
629,629,2012-06-01,0.16,0.7493666666666666,1.65387,-0.4,149.0
630,630,2012-07-01,0.16,0.69368,1.41751,-2.3,117.0
631,631,2012-08-01,0.13,0.6685,1.68593,2.4,169.0
632,632,2012-09-01,0.14,0.64332,1.94972,2.2,197.0
633,633,2012-10-01,0.16,0.61814,2.15568,2.0,305.0
634,634,2012-11-01,0.16,0.8744633333333334,1.79602,-0.3,122.0
635,635,2012-12-01,0.16,1.1307866666666668,1.7595,-1.8,282.0
636,636,2013-01-01,0.14,1.38711,1.68406,1.7,165.0
637,637,2013-02-01,0.15,1.0859133333333333,2.01814,4.1,258.0
638,638,2013-03-01,0.14,0.7847166666666666,1.51875,0.8,315.0
639,639,2013-04-01,0.15,0.48352,1.13881,2.4,82.0
640,640,2013-05-01,0.11,0.77098,1.39039,4.5,222.0
641,641,2013-06-01,0.09,1.05844,1.71579,4.8,82.0
642,642,2013-07-01,0.09,1.3459,1.88547,-1.1,140.0
643,643,2013-08-01,0.08,1.36556,1.53881,2.9,163.0
644,644,2013-09-01,0.08,1.38522,1.09473,2.8,3.0
645,645,2013-10-01,0.09,1.40488,0.8768,5.5,10.0
646,646,2013-11-01,0.08,0.9476766666666664,1.23287,5.2,267.0
647,647,2013-12-01,0.09,0.4904733333333332,1.51284,4.7,26.0
648,648,2014-01-01,0.07,0.03327,1.55776,2.5,0.0
649,649,2014-02-01,0.07,0.64391,1.12047,5.6,-18.0
650,650,2014-03-01,0.08,1.2545499999999998,1.61269,5.2,-40.0
651,651,2014-04-01,0.09,1.86519,2.01513,7.7,208.0
652,652,2014-05-01,0.09,1.787113333333333,2.16695,7.5,77.0
653,653,2014-06-01,0.1,1.7090366666666663,2.05898,5.9,72.0
654,654,2014-07-01,0.09,1.63096,1.97424,5.8,205.0
655,655,2014-08-01,0.09,1.2892266666666667,1.7151,4.1,67.0
656,656,2014-09-01,0.09,0.9474933333333334,1.68405,3.4,173.0
657,657,2014-10-01,0.09,0.60576,1.60954,-2.7,149.0
658,658,2014-11-01,0.09,0.68568,1.23152,5.2,-99.0
659,659,2014-12-01,0.12,0.7656000000000001,0.65312,4.2,71.0
660,660,2015-01-01,0.11,0.84552,-0.22993,2.2,197.0
661,661,2015-02-01,0.11,0.9627433333333334,-0.08703,2.9,-58.0
662,662,2015-03-01,0.11,1.0799666666666667,-0.02203,2.8,-10.0
663,663,2015-04-01,0.12,1.19719,-0.10403,9.5,147.0
664,664,2015-05-01,0.12,1.0203066666666667,0.03503,6.0,72.0
665,665,2015-06-01,0.13,0.8434233333333334,0.17957,5.4,294.0
666,666,2015-07-01,0.13,0.66654,0.22569,7.3,61.0
667,667,2015-08-01,0.14,0.5050633333333333,0.2413,7.2,146.0
668,668,2015-09-01,0.14,0.3435866666666666,0.00884,8.0,201.0
669,669,2015-10-01,0.12,0.18211,0.12762,8.5,-16.0
670,670,2015-11-01,0.12,0.28558,0.43632,6.1,171.0
671,671,2015-12-01,0.24,0.38905,0.63872,7.6,73.0
672,672,2016-01-01,0.34,0.49252,1.2375,9.5,7.0
673,673,2016-02-01,0.38,0.6625966666666667,0.84728,3.8,339.0
674,674,2016-03-01,0.36,0.8326733333333334,0.89162,10.4,151.0
675,675,2016-04-01,0.37,1.00275,1.17263,7.4,-27.0
676,676,2016-05-01,0.37,0.9908233333333334,1.07848,6.6,69.0
677,677,2016-06-01,0.38,0.9788966666666666,1.07929,7.5,-2.0
678,678,2016-07-01,0.39,0.96697,0.86836,7.4,93.0
679,679,2016-08-01,0.4,0.9917666666666668,1.05532,6.8,41.0
680,680,2016-09-01,0.4,1.0165633333333337,1.54864,3.7,-156.0
681,681,2016-10-01,0.4,1.04136,1.68592,6.0,255.0
682,682,2016-11-01,0.41,1.0272433333333333,1.68433,5.0,-32.0
683,683,2016-12-01,0.54,1.0131266666666667,2.0508,5.9,106.0
684,684,2017-01-01,0.65,0.99901,2.51039,4.5,98.0
685,685,2017-02-01,0.66,0.94014,2.81036,2.2,46.0
686,686,2017-03-01,0.79,0.88127,2.4412,2.2,79.0
687,687,2017-04-01,0.9,0.8224,2.17622,2.0,-17.0
688,688,2017-05-01,0.91,0.9837433333333332,1.85634,2.6,9.0
689,689,2017-06-01,1.04,1.1450866666666666,1.64057,0.7,46.0
690,690,2017-07-01,1.15,1.30643,1.72511,5.9,-33.0
691,691,2017-08-01,1.16,1.45407,1.92812,4.3,-12.0
692,692,2017-09-01,1.15,1.60171,2.18057,7.6,113.0
693,693,2017-10-01,1.15,1.74935,2.02076,5.0,-56.0
694,694,2017-11-01,1.16,1.65111,2.17249,8.3,133.0
695,695,2017-12-01,1.3,1.55287,2.12993,4.2,-75.0
696,696,2018-01-01,1.41,1.45463,2.15132,5.2,109.0
697,697,2018-02-01,1.42,1.3835533333333334,2.26347,2.1,6.0
698,698,2018-03-01,1.51,1.3124766666666667,2.33095,3.5,128.0
699,699,2018-04-01,1.69,1.2414,2.471,3.9,130.0
700,700,2018-05-01,1.7,1.1803833333333331,2.78192,3.3,200.0
701,701,2018-06-01,1.82,1.1193666666666666,2.80755,4.6,-57.0
702,702,2018-07-01,1.91,1.05835,2.85412,1.7,2.0
703,703,2018-08-01,1.91,0.8965033333333333,2.64292,4.0,129.0
704,704,2018-09-01,1.95,0.7346566666666667,2.33206,4.3,69.0
705,705,2018-10-01,2.19,0.57281,2.49203,5.4,-36.0
706,706,2018-11-01,2.2,0.6786933333333334,2.14733,5.7,-92.0
707,707,2018-12-01,2.27,0.7845766666666667,2.00238,1.2,-82.0
708,708,2019-01-01,2.4,0.89046,1.55068,4.1,-67.0
709,709,2019-02-01,2.4,1.0369066666666666,1.52006,5.5,-149.0
710,710,2019-03-01,2.41,1.1833533333333337,1.85314,5.4,-123.0
711,711,2019-04-01,2.42,1.3298,1.99179,6.2,-9.0
712,712,2019-05-01,2.39,1.3689733333333334,1.79352,8.1,-50.0
713,713,2019-06-01,2.38,1.4081466666666669,1.64968,5.2,36.0
714,714,2019-07-01,2.4,1.44732,1.77976,4.6,37.0
715,715,2019-08-01,2.13,1.28464,1.74678,7.6,79.0
716,716,2019-09-01,2.04,1.12196,1.71662,4.2,50.0
717,717,2019-10-01,1.83,0.95928,1.76918,3.7,111.0
718,718,2019-11-01,1.55,0.3414133333333333,2.0622,3.3,165.0
719,719,2019-12-01,1.55,-0.2764533333333333,2.31399,4.4,456.0
720,720,2020-01-01,1.55,-0.89432,2.50042,6.6,340.0
721,721,2020-02-01,1.58,-3.35018,2.33932,4.8,437.0
726,726,2020-07-01,0.09,8.71031,1.01414,1.3,284.0
727,727,2020-08-01,0.1,6.387169999999999,1.30907,-2.1,10.0
728,728,2020-09-01,0.09,4.06403,1.37148,0.5,163.0
729,729,2020-10-01,0.09,1.74089,1.18253,0.2,205.0
730,730,2020-11-01,0.09,2.03187,1.16756,1.0,199.0
731,731,2020-12-01,0.09,2.32285,1.32204,3.2,112.0
732,732,2021-01-01,0.09,2.61383,1.39478,2.6,30.0
733,733,2021-02-01,0.08,2.763456666666667,1.69336,2.0,-143.0
734,734,2021-03-01,0.07,2.9130833333333332,2.63052,2.3,433.0
735,735,2021-04-01,0.07,3.06271,4.13055,0.2,559.0
736,736,2021-05-01,0.06,2.8097433333333335,4.91503,15.2,546.0
737,737,2021-06-01,0.08,2.5567766666666665,5.28161,11.6,395.0
738,738,2021-07-01,0.1,2.30381,5.22151,10.7,64.0
739,739,2021-08-01,0.09,2.6908133333333333,5.18829,11.0,199.0
740,740,2021-09-01,0.08,3.077816666666666,5.38363,6.8,97.0
741,741,2021-10-01,0.08,3.46482,6.23775,10.8,35.0
742,742,2021-11-01,0.08,2.8162266666666667,6.86239,13.0,167.0
743,743,2021-12-01,0.08,2.1676333333333333,7.19446,11.8,124.0
744,744,2022-01-01,0.08,1.51904,7.59528,10.2,67.0
745,745,2022-02-01,0.08,1.69877,7.95485,11.8,349.0
746,746,2022-03-01,0.2,1.8785,8.51522,17.5,13.0
747,747,2022-04-01,0.33,2.05823,8.22777,13.6,319.0
748,748,2022-05-01,0.77,1.9598466666666667,8.50233,11.5,-57.0
749,749,2022-06-01,1.21,1.8614633333333332,8.93299,13.2,-100.0
750,750,2022-07-01,1.68,1.76308,8.41318,11.9,-222.0
751,751,2022-08-01,2.33,1.7059666666666666,8.22736,8.0,-71.0
752,752,2022-09-01,2.56,1.6488533333333333,8.21485,8.7,-97.0
753,753,2022-10-01,3.08,1.59174,7.76249,8.8,-140.0
754,754,2022-11-01,3.78,1.5726066666666667,7.13535,5.2,-285.0
755,755,2022-12-01,4.1,1.5534733333333333,6.44494,3.5,-430.0
756,756,2023-01-01,4.33,1.53434,6.34716,7.0,-329.0
757,757,2023-02-01,4.57,1.33295,5.98644,6.1,-335.0
758,758,2023-03-01,4.65,1.13156,4.98692,7.3,-333.0
759,759,2023-04-01,4.83,0.93017,4.95719,5.8,-455.0
760,760,2023-05-01,5.06,1.3105166666666668,4.12884,6.0,40.0
761,761,2023-06-01,5.08,1.6908633333333336,3.092,3.0,-143.0
762,762,2023-07-01,5.12,2.07121,3.29908,2.4,80.0
763,763,2023-08-01,5.33,2.07121,3.7075,6.3,-200.0
764,764,2023-09-01,5.33,2.07121,3.6899,4.4,-117.0
