DATE,H8B3094NCBA
1973-01-03,7813.4
1973-01-10,7198.7
1973-01-17,7454.6
1973-01-24,7802.2
1973-01-31,7615.8
1973-02-07,8187.8
1973-02-14,8649.8
1973-02-21,9427.5
1973-02-28,10220.0
1973-03-07,10351.1
1973-03-14,10309.4
1973-03-21,10654.8
1973-03-28,10810.4
1973-04-04,10461.3
1973-04-11,10468.8
1973-04-18,10654.7
1973-04-25,10771.8
1973-05-02,11139.7
1973-05-09,11267.1
1973-05-16,11052.5
1973-05-23,11683.9
1973-05-30,11927.5
1973-06-06,11599.0
1973-06-13,11992.9
1973-06-20,12222.0
1973-06-27,12895.6
1973-07-04,13246.6
1973-07-11,12938.1
1973-07-18,13453.2
1973-07-25,14222.5
1973-08-01,14146.2
1973-08-08,13871.6
1973-08-15,13840.9
1973-08-22,14538.5
1973-08-29,15013.6
1973-09-05,15367.3
1973-09-12,13945.0
1973-09-19,14087.6
1973-09-26,14822.2
1973-10-03,14658.5
1973-10-10,14120.8
1973-10-17,14162.9
1973-10-24,14539.1
1973-10-31,14660.0
1973-11-07,14202.9
1973-11-14,14161.6
1973-11-21,14485.2
1973-11-28,14708.4
1973-12-05,14901.7
1973-12-12,14686.4
1973-12-19,14888.9
1973-12-26,15284.2
1974-01-02,14653.9
1974-01-09,14633.5
1974-01-16,14535.0
1974-01-23,14697.9
1974-01-30,15431.0
1974-02-06,14491.7
1974-02-13,14307.4
1974-02-20,14477.5
1974-02-27,14495.0
1974-03-06,14413.7
1974-03-13,14657.7
1974-03-20,15082.5
1974-03-27,15572.1
1974-04-03,15135.3
1974-04-10,15266.7
1974-04-17,15463.4
1974-04-24,16171.6
1974-05-01,16302.7
1974-05-08,16648.6
1974-05-15,16779.4
1974-05-22,17119.2
1974-05-29,17618.2
1974-06-05,17428.1
1974-06-12,17202.7
1974-06-19,17420.7
1974-06-26,18238.5
1974-07-03,18040.1
1974-07-10,18069.6
1974-07-17,18430.3
1974-07-24,18805.5
1974-07-31,18651.0
1974-08-07,18607.0
1974-08-14,18851.8
1974-08-21,19193.2
1974-08-28,20037.5
1974-09-04,19292.9
1974-09-11,19142.4
1974-09-18,19243.8
1974-09-25,19756.6
1974-10-02,19326.2
1974-10-09,20878.6
1974-10-16,20679.0
1974-10-23,20910.9
1974-10-30,20967.4
1974-11-06,19135.7
1974-11-13,18875.1
1974-11-20,19238.3
1974-11-27,19244.8
1974-12-04,18988.4
1974-12-11,19011.0
1974-12-18,19233.6
1974-12-25,19595.6
1975-01-01,20580.4
1975-01-08,18755.8
1975-01-15,19134.8
1975-01-22,18407.9
1975-01-29,18673.6
1975-02-05,18369.4
1975-02-12,18125.3
1975-02-19,17963.4
1975-02-26,18385.2
1975-03-05,18891.3
1975-03-12,18593.2
1975-03-19,18641.8
1975-03-26,18675.9
1975-04-02,18414.6
1975-04-09,18705.8
1975-04-16,18837.9
1975-04-23,18915.8
1975-04-30,19178.9
1975-05-07,18691.2
1975-05-14,18875.0
1975-05-21,18758.3
1975-05-28,18834.7
1975-06-04,18887.2
1975-06-11,19193.5
1975-06-18,19087.9
1975-06-25,19719.7
1975-07-02,19454.1
1975-07-09,19146.4
1975-07-16,18539.5
1975-07-23,18487.3
1975-07-30,18134.4
1975-08-06,18012.5
1975-08-13,18014.4
1975-08-20,18099.8
1975-08-27,18000.5
1975-09-03,18203.2
1975-09-10,18091.3
1975-09-17,18237.4
1975-09-24,18836.9
1975-10-01,18704.0
1975-10-08,18552.4
1975-10-15,19191.3
1975-10-22,19424.3
1975-10-29,20079.7
1975-11-05,19391.9
1975-11-12,19268.0
1975-11-19,19122.0
1975-11-26,20194.0
1975-12-03,19513.6
1975-12-10,19880.8
1975-12-17,20361.4
1975-12-24,20846.0
1975-12-31,21542.0
1976-01-07,19250.2
1976-01-14,18889.3
1976-01-21,18921.6
1976-01-28,19306.3
1976-02-04,18725.0
1976-02-11,18904.5
1976-02-18,18880.9
1976-02-25,18881.3
1976-03-03,18628.5
1976-03-10,18989.6
1976-03-17,18701.1
1976-03-24,19868.5
1976-03-31,19459.5
1976-04-07,19339.7
1976-04-14,18812.6
1976-04-21,18786.7
1976-04-28,19214.0
1976-05-05,18230.6
1976-05-12,18518.4
1976-05-19,18936.2
1976-05-26,18916.8
1976-06-02,18632.4
1976-06-09,18933.1
1976-06-16,19152.1
1976-06-23,20234.3
1976-06-30,21821.2
1976-07-07,19620.7
1976-07-14,18990.1
1976-07-21,19358.6
1976-07-28,19294.6
1976-08-04,18424.7
1976-08-11,18644.1
1976-08-18,18695.2
1976-08-25,19205.5
1976-09-01,19044.8
1976-09-08,18901.1
1976-09-15,19546.2
1976-09-22,19991.5
1976-09-29,20535.8
1976-10-06,20003.9
1976-10-13,19555.7
1976-10-20,19966.3
1976-10-27,20094.1
1976-11-03,19490.4
1976-11-10,19689.2
1976-11-17,20115.5
1976-11-24,20705.8
1976-12-01,21851.8
1976-12-08,21294.5
1976-12-15,22200.0
1976-12-22,22646.0
1976-12-29,23547.8
1977-01-05,22530.6
1977-01-12,22550.7
1977-01-19,22204.1
1977-01-26,22054.5
1977-02-02,22065.2
1977-02-09,21881.7
1977-02-16,22327.2
1977-02-23,22719.2
1977-03-02,22384.2
1977-03-09,22684.3
1977-03-16,22974.9
1977-03-23,23926.4
1977-03-30,24074.2
1977-04-06,23282.6
1977-04-13,23184.4
1977-04-20,23114.2
1977-04-27,24769.3
1977-05-04,23706.2
1977-05-11,24412.0
1977-05-18,24047.3
1977-05-25,24837.2
1977-06-01,24385.5
1977-06-08,23928.0
1977-06-15,24332.4
1977-06-22,25745.4
1977-06-29,26536.1
1977-07-06,24466.3
1977-07-13,24647.6
1977-07-20,24366.5
1977-07-27,25132.6
1977-08-03,24541.7
1977-08-10,24479.6
1977-08-17,24694.6
1977-08-24,25367.6
1977-08-31,25286.8
1977-09-07,24358.2
1977-09-14,25088.9
1977-09-21,25440.7
1977-09-28,26974.3
1977-10-05,25534.2
1977-10-12,24969.0
1977-10-19,25623.6
1977-10-26,26831.7
1977-11-02,25676.1
1977-11-09,26242.5
1977-11-16,26252.7
1977-11-23,27174.8
1977-11-30,27312.0
1977-12-07,27849.1
1977-12-14,28476.2
1977-12-21,29011.5
1977-12-28,30171.2
1978-01-04,30478.8
1978-01-11,29164.8
1978-01-18,29032.9
1978-01-25,28633.8
1978-02-01,28259.0
1978-02-08,28984.3
1978-02-15,28627.1
1978-02-22,29653.8
1978-03-01,29635.0
1978-03-08,29384.6
1978-03-15,29736.6
1978-03-22,31226.8
1978-03-29,32608.8
1978-04-05,30996.5
1978-04-12,31086.3
1978-04-19,30877.0
1978-04-26,32237.5
1978-05-03,32804.6
1978-05-10,33815.4
1978-05-17,34427.3
1978-05-24,36007.7
1978-05-31,36063.9
1978-06-07,35261.2
1978-06-14,34847.3
1978-06-21,34759.6
1978-06-28,36379.3
1978-07-05,34341.3
1978-07-12,34445.0
1978-07-19,35625.9
1978-07-26,35772.4
1978-08-02,35161.3
1978-08-09,34584.8
1978-08-16,34879.7
1978-08-23,35348.5
1978-08-30,35280.9
1978-09-06,34534.3
1978-09-13,34846.1
1978-09-20,35956.2
1978-09-27,36868.1
1978-10-04,35414.8
1978-10-11,36468.7
1978-10-18,37150.0
1978-10-25,38961.4
1978-11-01,38622.5
1978-11-08,38058.8
1978-11-15,38775.6
1978-11-22,37574.6
1978-11-29,40142.1
1978-12-06,41019.9
1978-12-13,42821.1
1978-12-20,41096.2
1978-12-27,40939.4
1979-01-03,133426.7
1979-01-10,132498.5
1979-01-17,135559.3
1979-01-24,138331.8
1979-01-31,139772.1
1979-02-07,140280.8
1979-02-14,138843.2
1979-02-21,134706.4
1979-02-28,137736.9
1979-03-07,139086.1
1979-03-14,145143.0
1979-03-21,144256.1
1979-03-28,141700.4
1979-04-04,141682.2
1979-04-11,144469.8
1979-04-18,150444.8
1979-04-25,147350.3
1979-05-02,148011.5
1979-05-09,150461.7
1979-05-16,150372.9
1979-05-23,152611.7
1979-05-30,156516.0
1979-06-06,155333.5
1979-06-13,154815.3
1979-06-20,158408.8
1979-06-27,165316.0
1979-07-04,162701.4
1979-07-11,161853.3
1979-07-18,164643.8
1979-07-25,166945.4
1979-08-01,166039.9
1979-08-08,165602.3
1979-08-15,166411.7
1979-08-22,168717.6
1979-08-29,170858.3
1979-09-05,172018.9
1979-09-12,170864.8
1979-09-19,176044.4
1979-09-26,178517.2
1979-10-03,172668.5
1979-10-10,176890.4
1979-10-17,174010.4
1979-10-24,173570.1
1979-10-31,171128.3
1979-11-07,165200.5
1979-11-14,170038.8
1979-11-21,169029.0
1979-11-28,171481.5
1979-12-05,170094.3
1979-12-12,172581.7
1979-12-19,174151.7
1979-12-26,180191.4
1980-01-02,183511.7
1980-01-09,176955.3
1980-01-16,173917.6
1980-01-23,179980.5
1980-01-30,179361.6
1980-02-06,179228.1
1980-02-13,183098.1
1980-02-20,186347.9
1980-02-27,181375.7
1980-03-05,178036.7
1980-03-12,177610.5
1980-03-19,177560.5
1980-03-26,185756.2
1980-04-02,179745.4
1980-04-09,183077.0
1980-04-16,184603.1
1980-04-23,182939.8
1980-04-30,185304.9
1980-05-07,183852.3
1980-05-14,189891.6
1980-05-21,190617.3
1980-05-28,198817.4
1980-06-04,191501.4
1980-06-11,194983.4
1980-06-18,194509.5
1980-06-25,197747.9
1980-07-02,198026.5
1980-07-09,199217.0
1980-07-16,200404.9
1980-07-23,203378.5
1980-07-30,205721.8
1980-08-06,204076.9
1980-08-13,206922.7
1980-08-20,206683.0
1980-08-27,208197.0
1980-09-03,204471.8
1980-09-10,205744.7
1980-09-17,204642.0
1980-09-24,208040.5
1980-10-01,210456.5
1980-10-08,206324.4
1980-10-15,203264.4
1980-10-22,210039.7
1980-10-29,211567.0
1980-11-05,210418.9
1980-11-12,207645.6
1980-11-19,211266.0
1980-11-26,212656.7
1980-12-03,206641.7
1980-12-10,212482.7
1980-12-17,215687.8
1980-12-24,213547.8
1980-12-31,206418.6
1981-01-07,212241.9
1981-01-14,216833.9
1981-01-21,211282.2
1981-01-28,211901.3
1981-02-04,211374.8
1981-02-11,212139.9
1981-02-18,211672.0
1981-02-25,219142.3
1981-03-04,215987.8
1981-03-11,215098.2
1981-03-18,220476.1
1981-03-25,223345.5
1981-04-01,227275.0
1981-04-08,226385.6
1981-04-15,223338.2
1981-04-22,230511.9
1981-04-29,233357.5
1981-05-06,225573.4
1981-05-13,221794.6
1981-05-20,224274.0
1981-05-27,220849.3
1981-06-03,223524.0
1981-06-10,229971.5
1981-06-17,235323.4
1981-06-24,229688.9
1981-07-01,224475.6
1981-07-08,229780.5
1981-07-15,229815.0
1981-07-22,225697.2
1981-07-29,220490.9
1981-08-05,225432.0
1981-08-12,223686.0
1981-08-19,227736.6
1981-08-26,227276.8
1981-09-02,229719.5
1981-09-09,234209.5
1981-09-16,237256.2
1981-09-23,234360.1
1981-09-30,240032.0
1981-10-07,232454.9
1981-10-14,240540.7
1981-10-21,245064.3
1981-10-28,241923.2
1981-11-04,243884.3
1981-11-11,253860.5
1981-11-18,254748.5
1981-11-25,255613.9
1981-12-02,258769.4
1981-12-09,256134.3
1981-12-16,252809.1
1981-12-23,254595.0
1981-12-30,254792.1
1982-01-06,253786.3
1982-01-13,254736.0
1982-01-20,259389.4
1982-01-27,257689.2
1982-02-03,264466.7
1982-02-10,264181.6
1982-02-17,261351.3
1982-02-24,258480.1
1982-03-03,268442.4
1982-03-10,272732.8
1982-03-17,267010.3
1982-03-24,263964.3
1982-03-31,265617.9
1982-04-07,267600.0
1982-04-14,267342.8
1982-04-21,264951.4
1982-04-28,258530.6
1982-05-05,266637.3
1982-05-12,268666.2
1982-05-19,263673.2
1982-05-26,265447.6
1982-06-02,266480.0
1982-06-09,269244.0
1982-06-16,265588.2
1982-06-23,258981.6
1982-06-30,258572.0
1982-07-07,259367.2
1982-07-14,262532.1
1982-07-21,263619.4
1982-07-28,270511.7
1982-08-04,269397.8
1982-08-11,272972.5
1982-08-18,273301.0
1982-08-25,271669.2
1982-09-01,270163.6
1982-09-08,274895.2
1982-09-15,277574.1
1982-09-22,271362.7
1982-09-29,272010.3
1982-10-06,277241.5
1982-10-13,279580.3
1982-10-20,277153.4
1982-10-27,277032.2
1982-11-03,278306.8
1982-11-10,279550.3
1982-11-17,273063.7
1982-11-24,270874.3
1982-12-01,273430.2
1982-12-08,280249.6
1982-12-15,277953.9
1982-12-22,278659.0
1982-12-29,284958.4
1983-01-05,286415.2
1983-01-12,290959.1
1983-01-19,286347.2
1983-01-26,286332.6
1983-02-02,282279.8
1983-02-09,275697.2
1983-02-16,275586.4
1983-02-23,274927.2
1983-03-02,284493.2
1983-03-09,280246.0
1983-03-16,287047.6
1983-03-23,272863.4
1983-03-30,274102.5
1983-04-06,288442.2
1983-04-13,277546.9
1983-04-20,275468.2
1983-04-27,274945.1
1983-05-04,278961.5
1983-05-11,280186.5
1983-05-18,278955.8
1983-05-25,277049.8
1983-06-01,280408.4
1983-06-08,274886.9
1983-06-15,274605.5
1983-06-22,276395.2
1983-06-29,281171.1
1983-07-06,292748.3
1983-07-13,284082.3
1983-07-20,288023.5
1983-07-27,286596.2
1983-08-03,285286.3
1983-08-10,283960.1
1983-08-17,279516.9
1983-08-24,282763.2
1983-08-31,286536.5
1983-09-07,282660.2
1983-09-14,281157.5
1983-09-21,285845.7
1983-09-28,284296.0
1983-10-05,299093.3
1983-10-12,299102.6
1983-10-19,297577.0
1983-10-26,294796.5
1983-11-02,294102.7
1983-11-09,287518.2
1983-11-16,285920.0
1983-11-23,286684.4
1983-11-30,282347.6
1983-12-07,286670.1
1983-12-14,283349.6
1983-12-21,276633.6
1983-12-28,274606.3
1984-01-04,285804.7
1984-01-11,286293.8
1984-01-18,293993.5
1984-01-25,295193.3
1984-02-01,298184.8
1984-02-08,295035.4
1984-02-15,296796.9
1984-02-22,293382.5
1984-02-29,292654.1
1984-03-07,290844.1
1984-03-14,296347.6
1984-03-21,292864.1
1984-03-28,296460.3
1984-04-04,295230.4
1984-04-11,299611.2
1984-04-18,297544.2
1984-04-25,302642.3
1984-05-02,296704.1
1984-05-09,308312.7
1984-05-16,296858.0
1984-05-23,302655.1
1984-05-30,298243.1
1984-06-06,310558.2
1984-06-13,301428.6
1984-06-20,313198.1
1984-06-27,302318.8
1984-07-04,298544.3
1984-07-11,299096.3
1984-07-18,303698.5
1984-07-25,303627.4
1984-08-01,309115.0
1984-08-08,308907.7
1984-08-15,313840.1
1984-08-22,310278.0
1984-08-29,316220.9
1984-09-05,311478.4
1984-09-12,319698.4
1984-09-19,313342.4
1984-09-26,315322.3
1984-10-03,304017.6
1984-10-10,307827.3
1984-10-17,300647.9
1984-10-24,308556.8
1984-10-31,319734.9
1984-11-07,322729.8
1984-11-14,314466.2
1984-11-21,322382.6
1984-11-28,309365.7
1984-12-05,317060.7
1984-12-12,311384.9
1984-12-19,317521.8
1984-12-26,314633.1
1985-01-02,316450.6
1985-01-09,307074.5
1985-01-16,310499.1
1985-01-23,304880.0
1985-01-30,307120.6
1985-02-06,303761.4
1985-02-13,309681.1
1985-02-20,307780.9
1985-02-27,312048.0
1985-03-06,302036.8
1985-03-13,307257.6
1985-03-20,301730.4
1985-03-27,305963.5
1985-04-03,278209.5
1985-04-10,279076.8
1985-04-17,282234.1
1985-04-24,282089.1
1985-05-01,287928.1
1985-05-08,292639.4
1985-05-15,297721.4
1985-05-22,299506.3
1985-05-29,289707.1
1985-06-05,302966.8
1985-06-12,297475.2
1985-06-19,304795.0
1985-06-26,299503.7
1985-07-03,310504.2
1985-07-10,303644.7
1985-07-17,307716.6
1985-07-24,299280.0
1985-07-31,308137.8
1985-08-07,297922.1
1985-08-14,304704.6
1985-08-21,299279.8
1985-08-28,304859.5
1985-09-04,306446.2
1985-09-11,307976.9
1985-09-18,302911.0
1985-09-25,312102.0
1985-10-02,301982.2
1985-10-09,305010.7
1985-10-16,297113.7
1985-10-23,297711.6
1985-10-30,295594.3
1985-11-06,321788.1
1985-11-13,319129.4
1985-11-20,329277.5
1985-11-27,336670.0
1985-12-04,346014.3
1985-12-11,337429.9
1985-12-18,352948.0
1985-12-25,348167.4
1986-01-01,351339.6
1986-01-08,338438.5
1986-01-15,346407.9
1986-01-22,335660.3
1986-01-29,338788.9
1986-02-05,335086.7
1986-02-12,336762.0
1986-02-19,336281.4
1986-02-26,342616.8
1986-03-05,347013.8
1986-03-12,355453.0
1986-03-19,343420.8
1986-03-26,349308.0
1986-04-02,342023.4
1986-04-09,353021.0
1986-04-16,345539.8
1986-04-23,354938.0
1986-04-30,354071.3
1986-05-07,354398.7
1986-05-14,346163.0
1986-05-21,349105.6
1986-05-28,346660.3
1986-06-04,349198.6
1986-06-11,344748.8
1986-06-18,352279.2
1986-06-25,348466.5
1986-07-02,355882.5
1986-07-09,353850.4
1986-07-16,359130.4
1986-07-23,359801.8
1986-07-30,365323.4
1986-08-06,365857.1
1986-08-13,367871.8
1986-08-20,368551.4
1986-08-27,372980.2
1986-09-03,381706.0
1986-09-10,380958.7
1986-09-17,376837.2
1986-09-24,371442.4
1986-10-01,375667.6
1986-10-08,373269.3
1986-10-15,366185.7
1986-10-22,367283.2
1986-10-29,364519.0
1986-11-05,369670.8
1986-11-12,372782.8
1986-11-19,384508.3
1986-11-26,377668.0
1986-12-03,380450.4
1986-12-10,387815.8
1986-12-17,391654.7
1986-12-24,394417.8
1986-12-31,395709.0
1987-01-07,411100.8
1987-01-14,406480.6
1987-01-21,399825.5
1987-01-28,406871.5
1987-02-04,397746.6
1987-02-11,402408.3
1987-02-18,393534.1
1987-02-25,395799.0
1987-03-04,388053.3
1987-03-11,389208.8
1987-03-18,391400.9
1987-03-25,394364.5
1987-04-01,396782.0
1987-04-08,400496.5
1987-04-15,393565.3
1987-04-22,401546.6
1987-04-29,392210.8
1987-05-06,399544.7
1987-05-13,398739.7
1987-05-20,405114.0
1987-05-27,412701.4
1987-06-03,404447.8
1987-06-10,403450.9
1987-06-17,400936.2
1987-06-24,399589.1
1987-07-01,396973.0
1987-07-08,398606.4
1987-07-15,400909.9
1987-07-22,402389.2
1987-07-29,402788.4
1987-08-05,400004.5
1987-08-12,411644.5
1987-08-19,402779.8
1987-08-26,419612.1
1987-09-02,393134.1
1987-09-09,406387.1
1987-09-16,406340.7
1987-09-23,409867.2
1987-09-30,401857.1
1987-10-07,400504.7
1987-10-14,401286.2
1987-10-21,418438.6
1987-10-28,421150.1
1987-11-04,408064.3
1987-11-11,409134.2
1987-11-18,411228.9
1987-11-25,408076.1
1987-12-02,411789.5
1987-12-09,407334.2
1987-12-16,410158.0
1987-12-23,398221.1
1987-12-30,417805.3
1988-01-06,409410.1
1988-01-13,415503.0
1988-01-20,418893.9
1988-01-27,424790.4
1988-02-03,419615.4
1988-02-10,423863.4
1988-02-17,419071.5
1988-02-24,422661.3
1988-03-02,422710.9
1988-03-09,433364.7
1988-03-16,432304.8
1988-03-23,438300.6
1988-03-30,433420.2
1988-04-06,446235.0
1988-04-13,438314.4
1988-04-20,448405.2
1988-04-27,441345.4
1988-05-04,451790.3
1988-05-11,450174.9
1988-05-18,445332.1
1988-05-25,439953.2
1988-06-01,452570.9
1988-06-08,448592.3
1988-06-15,457665.3
1988-06-22,448816.0
1988-06-29,462033.8
1988-07-06,449864.3
1988-07-13,458688.0
1988-07-20,457517.0
1988-07-27,459529.2
1988-08-03,444639.0
1988-08-10,454936.3
1988-08-17,443915.8
1988-08-24,447644.6
1988-08-31,441682.0
1988-09-07,452913.4
1988-09-14,438916.7
1988-09-21,465829.3
1988-09-28,453175.6
1988-10-05,454730.2
1988-10-12,450427.7
1988-10-19,459582.7
1988-10-26,453571.8
1988-11-02,451141.9
1988-11-09,449390.1
1988-11-16,451361.5
1988-11-23,452210.4
1988-11-30,455396.4
1988-12-07,453701.2
1988-12-14,455898.9
1988-12-21,460704.3
1988-12-28,462208.1
1989-01-04,454270.0
1989-01-11,465040.2
1989-01-18,454669.0
1989-01-25,466489.9
1989-02-01,462092.3
1989-02-08,472407.5
1989-02-15,464848.3
1989-02-22,472615.2
1989-03-01,469267.9
1989-03-08,466957.3
1989-03-15,463509.0
1989-03-22,473475.3
1989-03-29,468969.5
1989-04-05,460887.5
1989-04-12,459796.1
1989-04-19,468279.0
1989-04-26,462723.9
1989-05-03,478750.8
1989-05-10,480144.4
1989-05-17,496205.2
1989-05-24,491150.2
1989-05-31,490941.4
1989-06-07,482966.6
1989-06-14,483811.3
1989-06-21,489860.0
1989-06-28,490506.5
1989-07-05,485808.1
1989-07-12,495088.8
1989-07-19,483729.9
1989-07-26,503453.0
1989-08-02,498050.0
1989-08-09,501710.8
1989-08-16,499807.3
1989-08-23,509610.6
1989-08-30,496093.8
1989-09-06,501865.1
1989-09-13,495312.5
1989-09-20,499761.8
1989-09-27,491834.2
1989-10-04,501788.2
1989-10-11,498281.2
1989-10-18,493961.0
1989-10-25,495627.2
1989-11-01,531573.5
1989-11-08,501851.5
1989-11-15,513585.4
1989-11-22,510786.3
1989-11-29,515217.0
1989-12-06,516236.8
1989-12-13,521620.2
1989-12-20,511918.3
1989-12-27,517554.8
1990-01-03,504919.3
1990-01-10,512913.6
1990-01-17,512430.7
1990-01-24,520443.3
1990-01-31,517438.9
1990-02-07,507910.4
1990-02-14,508523.0
1990-02-21,513935.4
1990-02-28,513370.0
1990-03-07,523054.4
1990-03-14,523768.1
1990-03-21,527061.0
1990-03-28,530495.7
1990-04-04,523203.1
1990-04-11,523281.8
1990-04-18,533368.1
1990-04-25,528911.6
1990-05-02,529438.9
1990-05-09,524306.9
1990-05-16,518251.4
1990-05-23,521889.2
1990-05-30,518381.0
1990-06-06,525491.6
1990-06-13,537470.9
1990-06-20,535982.1
1990-06-27,540249.0
1990-07-04,521217.8
1990-07-11,534099.8
1990-07-18,538737.5
1990-07-25,544646.9
1990-08-01,546508.9
1990-08-08,555702.8
1990-08-15,569468.5
1990-08-22,571237.1
1990-08-29,555817.0
1990-09-05,559209.6
1990-09-12,548709.9
1990-09-19,548034.6
1990-09-26,532236.2
1990-10-03,531396.7
1990-10-10,528446.4
1990-10-17,528490.1
1990-10-24,541922.9
1990-10-31,551073.6
1990-11-07,540421.5
1990-11-14,553146.9
1990-11-21,550788.7
1990-11-28,543709.9
1990-12-05,533351.7
1990-12-12,537244.5
1990-12-19,525290.0
1990-12-26,527655.6
1991-01-02,501076.6
1991-01-09,501075.0
1991-01-16,482005.9
1991-01-23,502862.5
1991-01-30,483642.1
1991-02-06,493937.6
1991-02-13,481203.1
1991-02-20,486183.1
1991-02-27,472541.0
1991-03-06,479064.0
1991-03-13,474645.8
1991-03-20,469930.6
1991-03-27,462200.5
1991-04-03,480657.3
1991-04-10,467831.9
1991-04-17,466579.6
1991-04-24,449997.7
1991-05-01,474712.6
1991-05-08,451456.2
1991-05-15,466234.3
1991-05-22,447675.5
1991-05-29,463588.7
1991-06-05,455922.9
1991-06-12,448399.2
1991-06-19,454522.5
1991-06-26,460052.1
1991-07-03,444518.6
1991-07-10,454598.0
1991-07-17,436244.7
1991-07-24,440161.0
1991-07-31,459449.5
1991-08-07,454054.7
1991-08-14,446533.3
1991-08-21,451844.0
1991-08-28,442844.3
1991-09-04,458148.7
1991-09-11,450667.9
1991-09-18,454021.3
1991-09-25,445717.2
1991-10-02,464785.2
1991-10-09,450669.6
1991-10-16,471468.4
1991-10-23,455864.6
1991-10-30,463462.2
1991-11-06,464971.9
1991-11-13,469790.9
1991-11-20,460624.9
1991-11-27,458154.1
1991-12-04,457575.9
1991-12-11,463259.3
1991-12-18,466366.2
1991-12-25,473135.9
1992-01-01,465260.4
1992-01-08,476740.3
1992-01-15,481000.2
1992-01-22,482453.5
1992-01-29,472622.5
1992-02-05,481698.7
1992-02-12,475250.3
1992-02-19,484862.1
1992-02-26,474441.3
1992-03-04,484804.1
1992-03-11,471633.6
1992-03-18,478840.6
1992-03-25,469875.8
1992-04-01,472668.2
1992-04-08,466787.9
1992-04-15,480329.7
1992-04-22,469005.1
1992-04-29,464521.9
1992-05-06,457679.0
1992-05-13,460198.5
1992-05-20,459179.7
1992-05-27,466247.0
1992-06-03,465086.3
1992-06-10,474537.1
1992-06-17,459298.1
1992-06-24,457176.4
1992-07-01,468521.8
1992-07-08,458384.4
1992-07-15,452742.5
1992-07-22,461998.6
1992-07-29,444586.2
1992-08-05,465823.1
1992-08-12,459840.1
1992-08-19,462100.1
1992-08-26,458491.7
1992-09-02,477766.2
1992-09-09,460246.4
1992-09-16,478688.3
1992-09-23,455505.1
1992-09-30,467802.9
1992-10-07,455548.8
1992-10-14,471240.6
1992-10-21,457267.8
1992-10-28,454802.1
1992-11-04,456350.6
1992-11-11,475551.0
1992-11-18,462317.8
1992-11-25,461385.1
1992-12-02,463260.0
1992-12-09,477401.6
1992-12-16,465135.5
1992-12-23,462544.7
1992-12-30,466933.2
1993-01-06,468532.5
1993-01-13,450198.0
1993-01-20,465007.3
1993-01-27,450335.7
1993-02-03,465234.7
1993-02-10,457042.9
1993-02-17,461837.7
1993-02-24,451855.0
1993-03-03,461319.2
1993-03-10,461607.6
1993-03-17,467621.0
1993-03-24,460541.9
1993-03-31,467047.2
1993-04-07,457811.1
1993-04-14,449407.9
1993-04-21,451490.9
1993-04-28,453018.1
1993-05-05,449868.0
1993-05-12,459275.8
1993-05-19,467727.2
1993-05-26,469157.7
1993-06-02,467126.8
1993-06-09,482118.6
1993-06-16,486154.3
1993-06-23,476205.9
1993-06-30,473595.1
1993-07-07,499241.9
1993-07-14,489766.2
1993-07-21,495938.6
1993-07-28,477986.4
1993-08-04,490364.0
1993-08-11,487372.9
1993-08-18,487447.3
1993-08-25,480641.7
1993-09-01,489048.4
1993-09-08,478624.4
1993-09-15,491601.1
1993-09-22,492591.9
1993-09-29,500334.9
1993-10-06,485359.7
1993-10-13,498867.1
1993-10-20,486135.9
1993-10-27,486343.8
1993-11-03,476578.9
1993-11-10,488961.6
1993-11-17,481465.6
1993-11-24,498452.3
1993-12-01,492387.3
1993-12-08,495874.8
1993-12-15,489214.4
1993-12-22,496994.2
1993-12-29,512937.7
1994-01-05,499576.5
1994-01-12,501759.3
1994-01-19,505159.7
1994-01-26,495119.5
1994-02-02,512408.9
1994-02-09,509589.0
1994-02-16,496403.8
1994-02-23,503484.8
1994-03-02,508026.0
1994-03-09,495529.6
1994-03-16,509685.2
1994-03-23,516047.2
1994-03-30,520960.4
1994-04-06,514421.3
1994-04-13,515859.4
1994-04-20,518339.1
1994-04-27,529048.9
1994-05-04,517854.8
1994-05-11,535719.6
1994-05-18,526753.5
1994-05-25,524527.1
1994-06-01,530175.7
1994-06-08,531854.4
1994-06-15,522212.8
1994-06-22,544587.5
1994-06-29,553784.5
1994-07-06,549604.3
1994-07-13,550675.2
1994-07-20,553490.3
1994-07-27,552550.8
1994-08-03,544569.3
1994-08-10,548115.3
1994-08-17,553669.8
1994-08-24,558695.6
1994-08-31,571927.3
1994-09-07,546860.0
1994-09-14,547515.3
1994-09-21,569798.1
1994-09-28,566245.4
1994-10-05,539783.7
1994-10-12,556070.7
1994-10-19,559130.5
1994-10-26,571985.4
1994-11-02,572290.9
1994-11-09,564900.5
1994-11-16,561215.9
1994-11-23,575501.3
1994-11-30,588509.9
1994-12-07,578789.3
1994-12-14,577394.0
1994-12-21,594153.7
1994-12-28,588873.4
1995-01-04,583516.2
1995-01-11,593562.5
1995-01-18,595553.3
1995-01-25,593466.9
1995-02-01,610523.1
1995-02-08,588148.1
1995-02-15,608295.0
1995-02-22,603173.2
1995-03-01,614382.8
1995-03-08,592555.8
1995-03-15,609047.6
1995-03-22,597723.2
1995-03-29,604374.4
1995-04-05,597903.4
1995-04-12,609221.4
1995-04-19,610978.1
1995-04-26,618366.6
1995-05-03,613471.5
1995-05-10,629222.7
1995-05-17,614322.4
1995-05-24,625848.2
1995-05-31,636856.8
1995-06-07,623433.5
1995-06-14,627237.8
1995-06-21,636270.8
1995-06-28,637255.0
1995-07-05,643763.0
1995-07-12,646261.2
1995-07-19,649745.4
1995-07-26,649507.9
1995-08-02,664017.5
1995-08-09,650504.3
1995-08-16,636048.2
1995-08-23,649439.7
1995-08-30,639396.0
1995-09-06,641586.4
1995-09-13,643004.8
1995-09-20,646447.5
1995-09-27,645466.6
1995-10-04,640032.1
1995-10-11,647648.1
1995-10-18,637589.2
1995-10-25,638719.9
1995-11-01,641577.7
1995-11-08,639099.2
1995-11-15,633549.8
1995-11-22,637656.3
1995-11-29,628098.7
1995-12-06,633030.5
1995-12-13,635340.6
1995-12-20,657852.0
1995-12-27,651716.3
1996-01-03,654865.7
1996-01-10,658817.0
1996-01-17,663740.6
1996-01-24,666052.4
1996-01-31,674677.1
1996-02-07,677641.9
1996-02-14,699840.8
1996-02-21,712425.8
1996-02-28,730193.2
1996-03-06,729894.8
1996-03-13,741752.2
1996-03-20,753404.9
1996-03-27,765185.7
1996-04-03,764177.1
1996-04-10,780079.4
1996-04-17,768582.7
1996-04-24,774506.8
1996-05-01,787753.3
1996-05-08,790960.3
1996-05-15,780446.1
1996-05-22,784919.5
1996-05-29,778899.4
1996-06-05,789519.9
1996-06-12,793590.8
1996-06-19,794235.3
1996-06-26,787309.8
1996-07-03,786951.0
1996-07-10,792759.3
1996-07-17,791101.5
1996-07-24,796148.4
1996-07-31,805630.4
1996-08-07,801656.1
1996-08-14,803917.4
1996-08-21,804362.9
1996-08-28,806581.3
1996-09-04,807969.6
1996-09-11,818303.6
1996-09-18,796539.1
1996-09-25,816877.0
1996-10-02,834209.2
1996-10-09,824520.3
1996-10-16,821860.9
1996-10-23,830880.8
1996-10-30,805394.6
1996-11-06,817196.9
1996-11-13,823052.5
1996-11-20,826525.6
1996-11-27,832910.7
1996-12-04,830453.7
1996-12-11,830821.3
1996-12-18,845613.4
1996-12-25,836041.5
1997-01-01,839831.3
1997-01-08,848021.7
1997-01-15,840018.0
1997-01-22,864180.7
1997-01-29,862391.6
1997-02-05,867814.6
1997-02-12,873340.6
1997-02-19,873895.6
1997-02-26,878188.9
1997-03-05,877126.9
1997-03-12,884363.5
1997-03-19,883927.7
1997-03-26,903259.6
1997-04-02,898795.0
1997-04-09,903363.0
1997-04-16,913829.9
1997-04-23,919818.9
1997-04-30,919077.1
1997-05-07,924808.6
1997-05-14,920415.2
1997-05-21,937811.3
1997-05-28,924649.2
1997-06-04,910532.5
1997-06-11,913949.3
1997-06-18,914007.1
1997-06-25,908060.6
1997-07-02,927952.3
1997-07-09,919620.5
1997-07-16,925487.8
1997-07-23,922356.4
1997-07-30,932374.3
1997-08-06,935838.8
1997-08-13,946722.8
1997-08-20,974043.3
1997-08-27,950182.9
1997-09-03,953630.8
1997-09-10,956764.4
1997-09-17,954702.6
1997-09-24,960899.7
1997-10-01,974318.1
1997-10-08,978682.6
1997-10-15,981394.0
1997-10-22,988320.5
1997-10-29,978620.8
1997-11-05,981982.8
1997-11-12,983375.3
1997-11-19,972448.0
1997-11-26,985350.9
1997-12-03,996360.8
1997-12-10,1009942.4
1997-12-17,988292.9
1997-12-24,992931.4
1997-12-31,1002136.4
1998-01-07,999751.3
1998-01-14,1004541.7
1998-01-21,1011019.1
1998-01-28,1004523.0
1998-02-04,1002089.8
1998-02-11,1006424.1
1998-02-18,1014308.7
1998-02-25,1016375.0
1998-03-04,1033611.6
1998-03-11,1032652.2
1998-03-18,1039345.8
1998-03-25,1046750.5
1998-04-01,1070277.5
1998-04-08,1060898.1
1998-04-15,1072722.1
1998-04-22,1054661.5
1998-04-29,1046569.4
1998-05-06,1055785.1
1998-05-13,1051867.5
1998-05-20,1064717.0
1998-05-27,1062191.8
1998-06-03,1071857.3
1998-06-10,1071072.5
1998-06-17,1080517.7
1998-06-24,1078347.3
1998-07-01,1092002.8
1998-07-08,1067508.4
1998-07-15,1088988.3
1998-07-22,1084565.8
1998-07-29,1099151.5
1998-08-05,1084497.4
1998-08-12,1095724.4
1998-08-19,1086499.0
1998-08-26,1101661.0
1998-09-02,1117918.7
1998-09-09,1110258.3
1998-09-16,1096007.3
1998-09-23,1111618.0
1998-09-30,1137663.6
1998-10-07,1136308.2
1998-10-14,1137247.2
1998-10-21,1156645.5
1998-10-28,1163671.6
1998-11-04,1159603.9
1998-11-11,1156326.0
1998-11-18,1180656.1
1998-11-25,1167802.0
1998-12-02,1173005.5
1998-12-09,1180903.1
1998-12-16,1181453.3
1998-12-23,1175040.4
1998-12-30,1176527.4
1999-01-06,1165883.3
1999-01-13,1182619.0
1999-01-20,1185244.6
1999-01-27,1170769.2
1999-02-03,1172741.6
1999-02-10,1190259.3
1999-02-17,1181958.9
1999-02-24,1191572.2
1999-03-03,1190246.6
1999-03-10,1203952.3
1999-03-17,1185677.5
1999-03-24,1194547.5
1999-03-31,1181910.2
1999-04-07,1186014.0
1999-04-14,1167430.0
1999-04-21,1176203.1
1999-04-28,1195631.2
1999-05-05,1184197.3
1999-05-12,1198203.2
1999-05-19,1213755.0
1999-05-26,1220875.5
1999-06-02,1218340.3
1999-06-09,1233160.8
1999-06-16,1236444.1
1999-06-23,1259703.7
1999-06-30,1235613.3
1999-07-07,1249937.3
1999-07-14,1248247.4
1999-07-21,1253694.9
1999-07-28,1253009.0
1999-08-04,1242301.8
1999-08-11,1262529.3
1999-08-18,1256888.3
1999-08-25,1265355.3
1999-09-01,1268081.1
1999-09-08,1266193.3
1999-09-15,1254761.1
1999-09-22,1293779.1
1999-09-29,1280861.0
1999-10-06,1278734.4
1999-10-13,1273309.3
1999-10-20,1281731.5
1999-10-27,1273597.5
1999-11-03,1271064.8
1999-11-10,1263330.6
1999-11-17,1276014.2
1999-11-24,1292312.7
1999-12-01,1296495.7
1999-12-08,1306907.9
1999-12-15,1331568.2
1999-12-22,1349725.9
1999-12-29,1382118.4
2000-01-05,1362465.3
2000-01-12,1381059.3
2000-01-19,1352861.0
2000-01-26,1354791.4
2000-02-02,1360499.5
2000-02-09,1359092.8
2000-02-16,1350660.5
2000-02-23,1381227.5
2000-03-01,1369874.2
2000-03-08,1392533.2
2000-03-15,1388418.2
2000-03-22,1380136.1
2000-03-29,1375817.7
2000-04-05,1377977.8
2000-04-12,1389377.0
2000-04-19,1382894.7
2000-04-26,1405405.6
2000-05-03,1411072.6
2000-05-10,1425210.6
2000-05-17,1415356.8
2000-05-24,1406590.6
2000-05-31,1401727.6
2000-06-07,1392984.5
2000-06-14,1396045.9
2000-06-21,1423388.0
2000-06-28,1424844.3
2000-07-05,1423613.5
2000-07-12,1423219.9
2000-07-19,1437835.2
2000-07-26,1432021.1
2000-08-02,1412104.0
2000-08-09,1428578.7
2000-08-16,1425989.0
2000-08-23,1431334.2
2000-08-30,1420737.3
2000-09-06,1414353.8
2000-09-13,1412969.3
2000-09-20,1446826.4
2000-09-27,1417309.4
2000-10-04,1391495.6
2000-10-11,1403378.3
2000-10-18,1415034.5
2000-10-25,1405431.9
2000-11-01,1402414.2
2000-11-08,1406875.4
2000-11-15,1383818.5
2000-11-22,1388073.5
2000-11-29,1400198.6
2000-12-06,1435834.9
2000-12-13,1417928.7
2000-12-20,1439550.5
2000-12-27,1434948.8
2001-01-03,1453872.5
2001-01-10,1451869.7
2001-01-17,1449636.8
2001-01-24,1488463.6
2001-01-31,1488925.6
2001-02-07,1464455.9
2001-02-14,1470703.8
2001-02-21,1452591.9
2001-02-28,1465199.8
2001-03-07,1455099.9
2001-03-14,1452750.0
2001-03-21,1473369.9
2001-03-28,1467890.4
2001-04-04,1490690.4
2001-04-11,1486400.6
2001-04-18,1493789.6
2001-04-25,1477986.2
2001-05-02,1464011.9
2001-05-09,1469010.9
2001-05-16,1446955.8
2001-05-23,1444533.8
2001-05-30,1449631.3
2001-06-06,1443492.6
2001-06-13,1428492.4
2001-06-20,1431619.4
2001-06-27,1425533.1
2001-07-04,1448187.2
2001-07-11,1455328.9
2001-07-18,1453466.5
2001-07-25,1457878.1
2001-08-01,1452715.3
2001-08-08,1452336.2
2001-08-15,1440808.4
2001-08-22,1450805.2
2001-08-29,1479496.2
2001-09-05,1466122.8
2001-09-12,1595597.1
2001-09-19,1499244.1
2001-09-26,1463234.6
2001-10-03,1475193.8
2001-10-10,1483205.7
2001-10-17,1481081.0
2001-10-24,1472594.7
2001-10-31,1491457.8
2001-11-07,1481019.6
2001-11-14,1473696.7
2001-11-21,1458417.6
2001-11-28,1458899.1
2001-12-05,1463388.4
2001-12-12,1468059.1
2001-12-19,1460455.0
2001-12-26,1477526.4
2002-01-02,1478020.5
2002-01-09,1489793.8
2002-01-16,1480476.5
2002-01-23,1470818.8
2002-01-30,1458277.8
2002-02-06,1464930.0
2002-02-13,1468277.2
2002-02-20,1462803.0
2002-02-27,1466666.8
2002-03-06,1454952.9
2002-03-13,1427327.0
2002-03-20,1438503.3
2002-03-27,1446317.3
2002-04-03,1440778.1
2002-04-10,1441622.3
2002-04-17,1427211.7
2002-04-24,1430228.8
2002-05-01,1444009.3
2002-05-08,1427018.5
2002-05-15,1451232.9
2002-05-22,1456581.1
2002-05-29,1467126.0
2002-06-05,1478357.8
2002-06-12,1460528.8
2002-06-19,1427314.1
2002-06-26,1438838.1
2002-07-03,1421246.0
2002-07-10,1442103.5
2002-07-17,1443538.1
2002-07-24,1453781.4
2002-07-31,1489228.6
2002-08-07,1484473.4
2002-08-14,1503198.4
2002-08-21,1520785.8
2002-08-28,1523575.7
2002-09-04,1537885.4
2002-09-11,1511351.5
2002-09-18,1533209.8
2002-09-25,1538466.0
2002-10-02,1552378.8
2002-10-09,1553079.7
2002-10-16,1561321.1
2002-10-23,1556656.0
2002-10-30,1570550.8
2002-11-06,1584587.4
2002-11-13,1594759.0
2002-11-20,1594001.0
2002-11-27,1614160.6
2002-12-04,1590622.5
2002-12-11,1632932.3
2002-12-18,1631104.8
2002-12-25,1628031.3
2003-01-01,1621565.2
2003-01-08,1596358.6
2003-01-15,1583039.5
2003-01-22,1571856.2
2003-01-29,1563173.5
2003-02-05,1596535.6
2003-02-12,1580531.6
2003-02-19,1602166.2
2003-02-26,1631335.9
2003-03-05,1634846.8
2003-03-12,1660369.5
2003-03-19,1633536.7
2003-03-26,1645567.2
2003-04-02,1640984.3
2003-04-09,1643068.6
2003-04-16,1648588.8
2003-04-23,1642728.7
2003-04-30,1643312.8
2003-05-07,1670142.2
2003-05-14,1649174.0
2003-05-21,1669578.8
2003-05-28,1683122.4
2003-06-04,1688985.5
2003-06-11,1710160.6
2003-06-18,1693104.6
2003-06-25,1677475.6
2003-07-02,1735531.2
2003-07-09,1734604.0
2003-07-16,1724100.6
2003-07-23,1718779.4
2003-07-30,1727479.1
2003-08-06,1770080.6
2003-08-13,1731574.7
2003-08-20,1707539.7
2003-08-27,1690121.0
2003-09-03,1691615.6
2003-09-10,1686981.3
2003-09-17,1670437.6
2003-09-24,1653696.1
2003-10-01,1665829.6
2003-10-08,1660449.4
2003-10-15,1675700.8
2003-10-22,1664174.2
2003-10-29,1668072.6
2003-11-05,1658386.4
2003-11-12,1675627.2
2003-11-19,1672303.3
2003-11-26,1638726.0
2003-12-03,1643207.1
2003-12-10,1640773.4
2003-12-17,1712970.1
2003-12-24,1714466.5
2003-12-31,1695815.6
2004-01-07,1721192.3
2004-01-14,1725722.2
2004-01-21,1751641.0
2004-01-28,1796918.3
2004-02-04,1795656.4
2004-02-11,1841872.6
2004-02-18,1859121.2
2004-02-25,1756892.3
2004-03-03,1774250.0
2004-03-10,1776995.3
2004-03-17,1791857.2
2004-03-24,1780978.0
2004-03-31,1798305.9
2004-04-07,1798736.5
2004-04-14,1818024.1
2004-04-21,1802954.0
2004-04-28,1808767.3
2004-05-05,1781850.9
2004-05-12,1794065.9
2004-05-19,1765718.6
2004-05-26,1776641.8
2004-06-02,1784745.1
2004-06-09,1795697.2
2004-06-16,1823113.3
2004-06-23,1840371.2
2004-06-30,1856259.8
2004-07-07,1879040.9
2004-07-14,1871703.2
2004-07-21,1855270.2
2004-07-28,1851311.7
2004-08-04,1850735.4
2004-08-11,1845137.3
2004-08-18,1849439.1
2004-08-25,1818975.4
2004-09-01,1835092.9
2004-09-08,1828043.7
2004-09-15,1861551.3
2004-09-22,1865637.1
2004-09-29,1868806.9
2004-10-06,1861592.3
2004-10-13,1850969.2
2004-10-20,1867500.4
2004-10-27,1846231.8
2004-11-03,1849523.2
2004-11-10,1870335.7
2004-11-17,1809689.9
2004-11-24,1836143.6
2004-12-01,1843643.8
2004-12-08,1838930.2
2004-12-15,1850125.6
2004-12-22,1774265.9
2004-12-29,1782580.5
2005-01-05,1816078.2
2005-01-12,1794679.3
2005-01-19,1814081.7
2005-01-26,1803641.9
2005-02-02,1831663.2
2005-02-09,1796843.4
2005-02-16,1807806.1
2005-02-23,1842803.2
2005-03-02,1834803.9
2005-03-09,1825533.2
2005-03-16,1871910.1
2005-03-23,1847057.3
2005-03-30,1834489.7
2005-04-06,1823510.4
2005-04-13,1841059.2
2005-04-20,1851366.2
2005-04-27,1861798.2
2005-05-04,1867153.3
2005-05-11,1863285.0
2005-05-18,1865298.6
2005-05-25,1864874.8
2005-06-01,1851530.3
2005-06-08,1851498.4
2005-06-15,1848373.8
2005-06-22,1851012.8
2005-06-29,1846584.0
2005-07-06,1848972.9
2005-07-13,1859832.9
2005-07-20,1867059.0
2005-07-27,1869075.0
2005-08-03,1883393.2
2005-08-10,1881518.6
2005-08-17,1888586.2
2005-08-24,1918327.3
2005-08-31,1907390.9
2005-09-07,1901660.2
2005-09-14,1874158.2
2005-09-21,1907646.7
2005-09-28,1911258.4
2005-10-05,1867654.0
2005-10-12,1892034.7
2005-10-19,1886164.2
2005-10-26,1897382.2
2005-11-02,1897879.5
2005-11-09,1889766.4
2005-11-16,1899064.8
2005-11-23,1929140.4
2005-11-30,1912775.8
2005-12-07,1941863.6
2005-12-14,1949512.5
2005-12-21,1976668.2
2005-12-28,1979959.9
2006-01-04,1956027.1
2006-01-11,1969098.9
2006-01-18,2012382.8
2006-01-25,2010517.1
2006-02-01,2024970.2
2006-02-08,2022269.0
2006-02-15,2018430.9
2006-02-22,2016135.7
2006-03-01,2031515.5
2006-03-08,2023592.9
2006-03-15,2044553.9
2006-03-22,2005636.2
2006-03-29,2022222.0
2006-04-05,2013336.3
2006-04-12,2021102.8
2006-04-19,2006567.3
2006-04-26,2027885.1
2006-05-03,2030488.0
2006-05-10,2051455.0
2006-05-17,2040371.7
2006-05-24,2057504.8
2006-05-31,2072672.5
2006-06-07,2071650.0
2006-06-14,2077896.0
2006-06-21,2060957.0
2006-06-28,2053278.9
2006-07-05,2038756.0
2006-07-12,2036078.0
2006-07-19,2065629.8
2006-07-26,2049225.7
2006-08-02,2045318.3
2006-08-09,2023369.2
2006-08-16,2020059.8
2006-08-23,2041051.6
2006-08-30,2048961.6
2006-09-06,2049869.4
2006-09-13,2071691.6
2006-09-20,2087654.5
2006-09-27,2122106.7
2006-10-04,2178622.2
2006-10-11,2169424.1
2006-10-18,2132911.1
2006-10-25,2160290.7
2006-11-01,2189786.4
2006-11-08,2183075.9
2006-11-15,2177207.9
2006-11-22,2201858.9
2006-11-29,2214712.5
2006-12-06,2219379.0
2006-12-13,2196050.2
2006-12-20,2214733.2
2006-12-27,2237149.1
2007-01-03,2230874.6
2007-01-10,2224801.3
2007-01-17,2236970.7
2007-01-24,2237554.7
2007-01-31,2269830.6
2007-02-07,2237696.9
2007-02-14,2249023.3
2007-02-21,2224357.5
2007-02-28,2285780.0
2007-03-07,2277256.7
2007-03-14,2251391.0
2007-03-21,2226562.6
2007-03-28,2262629.1
2007-04-04,2272535.0
2007-04-11,2284112.3
2007-04-18,2265629.5
2007-04-25,2271211.2
2007-05-02,2276013.0
2007-05-09,2261068.4
2007-05-16,2249526.9
2007-05-23,2243890.6
2007-05-30,2265060.8
2007-06-06,2277845.5
2007-06-13,2277683.6
2007-06-20,2329499.1
2007-06-27,2321448.8
2007-07-04,2346016.7
2007-07-11,2334813.3
2007-07-18,2351183.4
2007-07-25,2359750.6
2007-08-01,2354045.6
2007-08-08,2350741.0
2007-08-15,2407409.0
2007-08-22,2410128.3
2007-08-29,2430068.6
2007-09-05,2428670.7
2007-09-12,2451046.3
2007-09-19,2431151.2
2007-09-26,2445828.9
2007-10-03,2443073.7
2007-10-10,2417482.0
2007-10-17,2393696.9
2007-10-24,2404328.5
2007-10-31,2440543.8
2007-11-07,2423204.1
2007-11-14,2444399.9
2007-11-21,2464503.7
2007-11-28,2465957.4
2007-12-05,2487602.8
2007-12-12,2460263.2
2007-12-19,2521057.3
2007-12-26,2527991.9
2008-01-02,2512446.6
2008-01-09,2500695.0
2008-01-16,2494817.0
2008-01-23,2497712.7
2008-01-30,2523415.6
2008-02-06,2519783.1
2008-02-13,2523045.7
2008-02-20,2535825.8
2008-02-27,2530239.9
2008-03-05,2535235.3
2008-03-12,2532430.2
2008-03-19,2570638.3
2008-03-26,2587100.0
2008-04-02,2593267.9
2008-04-09,2556836.5
2008-04-16,2536099.1
2008-04-23,2565161.3
2008-04-30,2635174.8
2008-05-07,2608561.4
2008-05-14,2596823.6
2008-05-21,2600054.2
2008-05-28,2609519.8
2008-06-04,2601692.2
2008-06-11,2589392.8
2008-06-18,2589743.8
2008-06-25,2612988.0
2008-07-02,2613059.4
2008-07-09,2591866.6
2008-07-16,2622563.9
2008-07-23,2633934.9
2008-07-30,2651963.7
2008-08-06,2631775.0
2008-08-13,2639362.6
2008-08-20,2599227.0
2008-08-27,2616509.3
2008-09-03,2624924.4
2008-09-10,2624237.4
2008-09-17,2636437.6
2008-09-24,2686962.0
2008-10-01,2891997.8
2008-10-08,2850935.7
2008-10-15,2922573.3
2008-10-22,3040182.3
2008-10-29,3013325.1
2008-11-05,2956127.0
2008-11-12,2996522.7
2008-11-19,2963340.0
2008-11-26,2927198.5
2008-12-03,2918681.4
2008-12-10,2838054.2
2008-12-17,2833314.7
2008-12-24,2821278.7
2008-12-31,2807524.4
2009-01-07,2785471.6
2009-01-14,2726466.9
2009-01-21,2804463.0
2009-01-28,2775463.4
2009-02-04,2757341.5
2009-02-11,2763165.9
2009-02-18,2787712.1
2009-02-25,2780009.9
2009-03-04,2811348.1
2009-03-11,2800284.4
2009-03-18,2804164.5
2009-03-25,2788149.9
2009-04-01,2794664.5
2009-04-08,2758750.3
2009-04-15,2776246.5
2009-04-22,2783113.8
2009-04-29,2759446.1
2009-05-06,2740917.2
2009-05-13,2782948.1
2009-05-20,2808630.4
2009-05-27,2746774.0
2009-06-03,2755076.2
2009-06-10,2751362.3
2009-06-17,2711701.3
2009-06-24,2681369.3
2009-07-01,2680555.2
2009-07-08,2655171.3
2009-07-15,2593826.6
2009-07-22,2580766.3
2009-07-29,2550205.7
2009-08-05,2499951.1
2009-08-12,2500495.8
2009-08-19,2511928.2
2009-08-26,2486868.2
2009-09-02,2451070.9
2009-09-09,2448514.6
2009-09-16,2421394.8
2009-09-23,2429333.5
2009-09-30,2296633.4
2009-10-07,2354288.5
2009-10-14,2337404.4
2009-10-21,2342093.1
2009-10-28,2328341.1
2009-11-04,2326043.7
2009-11-11,2306424.8
2009-11-18,2303816.5
2009-11-25,2297390.7
2009-12-02,2280749.0
2009-12-09,2277031.4
2009-12-16,2275315.8
2009-12-23,2253066.1
2009-12-30,2267625.3
2010-01-06,1888263.0
2010-01-13,1896655.0
2010-01-20,1854181.0
2010-01-27,1860624.0
2010-02-03,1850718.9
2010-02-10,1839505.3
2010-02-17,1835554.9
2010-02-24,1827285.4
2010-03-03,1829262.1
2010-03-10,1834783.0
2010-03-17,1825915.4
2010-03-24,1800997.6
2010-03-31,1990646.5
2010-04-07,2141092.4
2010-04-14,2110979.5
2010-04-21,2105419.8
2010-04-28,2104666.3
2010-05-05,2050054.2
2010-05-12,2052542.1
2010-05-19,2036375.5
2010-05-26,2039075.3
2010-06-02,2019255.5
2010-06-09,2026084.2
2010-06-16,2021949.9
2010-06-23,1994388.9
2010-06-30,1927422.8
2010-07-07,1964158.8
2010-07-14,1951284.1
2010-07-21,1959643.0
2010-07-28,1956271.7
2010-08-04,1980119.7
2010-08-11,1967707.0
2010-08-18,1966027.9
2010-08-25,1950550.6
2010-09-01,1954359.7
2010-09-08,1961793.3
2010-09-15,1928561.5
2010-09-22,1932235.6
2010-09-29,1907824.3
2010-10-06,1933301.1
2010-10-13,1936619.4
2010-10-20,1936557.1
2010-10-27,1916851.3
2010-11-03,1912196.8
2010-11-10,1894314.3
2010-11-17,1868193.1
2010-11-24,1878197.4
2010-12-01,1872490.9
2010-12-08,1900462.4
2010-12-15,1878872.1
2010-12-22,1880501.0
2010-12-29,1882852.9
2011-01-05,1821698.9
2011-01-12,1810631.0
2011-01-19,1783642.4
2011-01-26,1752973.8
2011-02-02,1758253.2
2011-02-09,1790830.7
2011-02-16,1764063.6
2011-02-23,1806003.4
2011-03-02,1784604.9
2011-03-09,1806729.7
2011-03-16,1754384.3
2011-03-23,1790681.7
2011-03-30,1781655.6
2011-04-06,1758812.5
2011-04-13,1731010.8
2011-04-20,1753087.4
2011-04-27,1710866.1
2011-05-04,1701050.0
2011-05-11,1690320.6
2011-05-18,1681992.5
2011-05-25,1654900.3
2011-06-01,1652595.4
2011-06-08,1651563.6
2011-06-15,1660012.8
2011-06-22,1690107.8
2011-06-29,1716703.5
2011-07-06,1668529.1
2011-07-13,1661129.4
2011-07-20,1647406.2
2011-07-27,1653551.3
2011-08-03,1632580.0
2011-08-10,1649780.8
2011-08-17,1652419.7
2011-08-24,1654779.0
2011-08-31,1628606.7
2011-09-07,1620572.9
2011-09-14,1620254.4
2011-09-21,1609697.8
2011-09-28,1622456.3
2011-10-05,1619999.5
2011-10-12,1596576.3
2011-10-19,1592966.0
2011-10-26,1578693.4
2011-11-02,1604230.7
2011-11-09,1598746.6
2011-11-16,1614613.2
2011-11-23,1599103.3
2011-11-30,1614798.9
2011-12-07,1612763.4
2011-12-14,1610159.6
2011-12-21,1605470.6
2011-12-28,1628904.8
2012-01-04,1611171.3
2012-01-11,1568162.3
2012-01-18,1567590.3
2012-01-25,1581403.4
2012-02-01,1576900.6
2012-02-08,1571919.3
2012-02-15,1602030.1
2012-02-22,1585358.5
2012-02-29,1574774.0
2012-03-07,1566834.4
2012-03-14,1567857.0
2012-03-21,1563669.5
2012-03-28,1570519.7
2012-04-04,1574918.7
2012-04-11,1570060.1
2012-04-18,1562259.3
2012-04-25,1544921.8
2012-05-02,1585380.9
2012-05-09,1571330.8
2012-05-16,1571228.6
2012-05-23,1581928.6
2012-05-30,1578715.2
2012-06-06,1569318.4
2012-06-13,1583123.8
2012-06-20,1569415.4
2012-06-27,1568436.2
2012-07-04,1576016.2
2012-07-11,1575817.3
2012-07-18,1570081.4
2012-07-25,1560602.4
2012-08-01,1560456.5
2012-08-08,1561630.2
2012-08-15,1554614.7
2012-08-22,1542626.6
2012-08-29,1563542.0
2012-09-05,1571205.9
2012-09-12,1560011.6
2012-09-19,1549708.5
2012-09-26,1574681.0
2012-10-03,1568066.3
2012-10-10,1532110.4
2012-10-17,1560616.7
2012-10-24,1542327.0
2012-10-31,1567612.5
2012-11-07,1539007.6
2012-11-14,1559465.3
2012-11-21,1521635.0
2012-11-28,1544196.4
2012-12-05,1533744.8
2012-12-12,1542610.7
2012-12-19,1537303.7
2012-12-26,1545470.1
2013-01-02,1592375.8
2013-01-09,1563292.2
2013-01-16,1563361.6
2013-01-23,1547743.6
2013-01-30,1570899.8
2013-02-06,1568749.1
2013-02-13,1572352.1
2013-02-20,1552778.7
2013-02-27,1572697.8
2013-03-06,1543959.0
2013-03-13,1562406.4
2013-03-20,1555992.1
2013-03-27,1551446.9
2013-04-03,1554956.7
2013-04-10,1539364.9
2013-04-17,1548136.3
2013-04-24,1527927.1
2013-05-01,1536572.3
2013-05-08,1533063.6
2013-05-15,1548267.7
2013-05-22,1531278.1
2013-05-29,1537860.7
2013-06-05,1535024.8
2013-06-12,1541739.5
2013-06-19,1511618.4
2013-06-26,1527108.5
2013-07-03,1511265.3
2013-07-10,1509964.4
2013-07-17,1521475.2
2013-07-24,1500533.9
2013-07-31,1506027.4
2013-08-07,1530400.1
2013-08-14,1521425.6
2013-08-21,1500164.2
2013-08-28,1508518.2
2013-09-04,1509291.9
2013-09-11,1514998.0
2013-09-18,1513733.2
2013-09-25,1519738.7
2013-10-02,1544370.0
2013-10-09,1531409.0
2013-10-16,1521772.2
2013-10-23,1533878.0
2013-10-30,1536082.1
2013-11-06,1544702.7
2013-11-13,1546378.1
2013-11-20,1532908.3
2013-11-27,1543511.6
2013-12-04,1542595.9
2013-12-11,1556301.4
2013-12-18,1555077.9
2013-12-25,1539066.9
2014-01-01,1490498.8
2014-01-08,1535643.1
2014-01-15,1555449.9
2014-01-22,1549727.3
2014-01-29,1566182.9
2014-02-05,1555324.9
2014-02-12,1549144.8
2014-02-19,1548823.5
2014-02-26,1542458.4
2014-03-05,1563146.2
2014-03-12,1581896.1
2014-03-19,1592404.9
2014-03-26,1609882.9
2014-04-02,1623049.9
2014-04-09,1618910.4
2014-04-16,1623289.2
2014-04-23,1617291.6
2014-04-30,1624203.0
2014-05-07,1617361.4
2014-05-14,1628834.1
2014-05-21,1630447.7
2014-05-28,1663475.3
2014-06-04,1693146.7
2014-06-11,1691053.0
2014-06-18,1691167.0
2014-06-25,1691577.0
2014-07-02,1714004.4
2014-07-09,1713177.0
2014-07-16,1709163.9
2014-07-23,1697330.5
2014-07-30,1737693.7
2014-08-06,1727168.1
2014-08-13,1723505.5
2014-08-20,1725718.0
2014-08-27,1729300.9
2014-09-03,1726685.1
2014-09-10,1734354.1
2014-09-17,1732823.6
2014-09-24,1751419.6
2014-10-01,1772677.6
2014-10-08,1774625.7
2014-10-15,1778056.4
2014-10-22,1773307.7
2014-10-29,1761690.5
2014-11-05,1768950.1
2014-11-12,1766854.2
2014-11-19,1770591.5
2014-11-26,1772461.4
2014-12-03,1777069.9
2014-12-10,1774748.3
2014-12-17,1781251.4
2014-12-24,1802739.1
2014-12-31,1754707.8
2015-01-07,1799864.6
2015-01-14,1799858.5
2015-01-21,1799033.7
2015-01-28,1789776.0
2015-02-04,1781971.1
2015-02-11,1775615.5
2015-02-18,1774846.9
2015-02-25,1784451.6
2015-03-04,1802667.4
2015-03-11,1808521.5
2015-03-18,1825391.6
2015-03-25,1827112.5
2015-04-01,1819729.0
2015-04-08,1829667.4
2015-04-15,1824774.0
2015-04-22,1841259.2
2015-04-29,1835898.2
2015-05-06,1836725.8
2015-05-13,1835416.7
2015-05-20,1829614.6
2015-05-27,1842973.2
2015-06-03,1844047.0
2015-06-10,1848608.9
2015-06-17,1845186.3
2015-06-24,1828951.0
2015-07-01,1824991.6
2015-07-08,1832109.8
2015-07-15,1832779.9
2015-07-22,1842709.5
2015-07-29,1849443.5
2015-08-05,1806048.4
2015-08-12,1831103.6
2015-08-19,1855109.0
2015-08-26,1858703.6
2015-09-02,1835092.8
2015-09-09,1831203.6
2015-09-16,1824617.1
2015-09-23,1827092.9
2015-09-30,1731949.0
2015-10-07,1876791.6
2015-10-14,1875275.9
2015-10-21,1906867.4
2015-10-28,1912388.5
2015-11-04,1900403.8
2015-11-11,1900142.0
2015-11-18,1899094.0
2015-11-25,1895764.1
2015-12-02,1894496.5
2015-12-09,1898638.3
2015-12-16,1898133.6
2015-12-23,1912937.2
2015-12-30,1888380.6
2016-01-06,1899586.3
2016-01-13,1912723.1
2016-01-20,1899905.9
2016-01-27,1899680.9
2016-02-03,1929008.3
2016-02-10,1929777.1
2016-02-17,1919046.3
2016-02-24,1943156.8
2016-03-02,1955683.9
2016-03-09,1965989.4
2016-03-16,1957912.8
2016-03-23,1959862.0
2016-03-30,1928680.3
2016-04-06,1946918.8
2016-04-13,1954442.5
2016-04-20,1956103.0
2016-04-27,1981729.8
2016-05-04,1965255.0
2016-05-11,1976613.2
2016-05-18,1977023.9
2016-05-25,1987255.5
2016-06-01,1977654.9
2016-06-08,1988682.3
2016-06-15,1978095.9
2016-06-22,1973633.9
2016-06-29,1933931.0
2016-07-06,1979383.6
2016-07-13,1969139.5
2016-07-20,1999976.3
2016-07-27,1996043.0
2016-08-03,2000367.8
2016-08-10,1990454.0
2016-08-17,1993827.6
2016-08-24,1986796.7
2016-08-31,1995343.9
2016-09-07,1976047.2
2016-09-14,1999094.0
2016-09-21,2021296.5
2016-09-28,1979500.8
2016-10-05,1971064.3
2016-10-12,1991513.1
2016-10-19,2002860.6
2016-10-26,1977174.9
2016-11-02,1975259.0
2016-11-09,1951867.2
2016-11-16,1984678.7
2016-11-23,1987229.3
2016-11-30,1979317.4
2016-12-07,1973788.6
2016-12-14,1997658.9
2016-12-21,1957696.3
2016-12-28,1972944.4
2017-01-04,1970182.8
2017-01-11,1959556.6
2017-01-18,1960994.1
2017-01-25,1977329.4
2017-02-01,1989142.5
2017-02-08,1996962.0
2017-02-15,2004494.7
2017-02-22,2021981.4
2017-03-01,2006635.3
2017-03-08,2001000.0
2017-03-15,1992945.0
2017-03-22,1969347.3
2017-03-29,1960894.0
2017-04-05,1967441.8
2017-04-12,1966326.3
2017-04-19,1978343.5
2017-04-26,1984848.0
2017-05-03,1973986.6
2017-05-10,1969455.9
2017-05-17,1973491.9
2017-05-24,1993267.6
2017-05-31,1951053.2
2017-06-07,1957712.9
2017-06-14,1945999.3
2017-06-21,1995057.3
2017-06-28,1999450.4
2017-07-05,1967220.8
2017-07-12,1992445.9
2017-07-19,2008565.8
2017-07-26,2024511.3
2017-08-02,2038829.0
2017-08-09,2063840.7
2017-08-16,2052702.8
2017-08-23,2066222.1
2017-08-30,2070655.0
2017-09-06,2048187.3
2017-09-13,2063728.8
2017-09-20,2048008.7
2017-09-27,2070317.7
2017-10-04,2037855.6
2017-10-11,2024831.6
2017-10-18,2055625.8
2017-10-25,2054191.1
2017-11-01,2058330.4
2017-11-08,2067055.7
2017-11-15,2055758.3
2017-11-22,2060347.7
2017-11-29,2101803.6
2017-12-06,2103944.1
2017-12-13,2110514.7
2017-12-20,2109091.3
2017-12-27,2090591.4
2018-01-03,2112932.2
2018-01-10,2102292.2
2018-01-17,2110392.6
2018-01-24,2126151.7
2018-01-31,2116920.8
2018-02-07,2119060.2
2018-02-14,2131803.7
2018-02-21,2133525.9
2018-02-28,2113593.3
2018-03-07,2101380.9
2018-03-14,2068608.2
2018-03-21,2071023.8
2018-03-28,2013096.1
2018-04-04,2004374.1
2018-04-11,1989733.4
2018-04-18,2030023.4
2018-04-25,2030646.8
2018-05-02,2063716.5
2018-05-09,2050940.2
2018-05-16,2049303.8
2018-05-23,2024499.9
2018-05-30,2023726.8
2018-06-06,2021946.1
2018-06-13,2051211.8
2018-06-20,2030394.8
2018-06-27,2039035.8
2018-07-04,2035259.6
2018-07-11,2009905.8
2018-07-18,2015136.3
2018-07-25,1987327.2
2018-08-01,1994158.5
2018-08-08,1970309.0
2018-08-15,1958342.1
2018-08-22,1953253.4
2018-08-29,1972975.7
2018-09-05,1951738.2
2018-09-12,1967291.4
2018-09-19,1931452.6
2018-09-26,1965289.8
2018-10-03,2005286.2
2018-10-10,1974426.8
2018-10-17,1979378.7
2018-10-24,1982654.8
2018-10-31,1976691.4
2018-11-07,1975993.5
2018-11-14,1987025.6
2018-11-21,1982664.5
2018-11-28,1981666.0
2018-12-05,1939442.0
2018-12-12,1960471.5
2018-12-19,1962051.6
2018-12-26,1988855.7
2019-01-02,1992808.6
2019-01-09,1967454.9
2019-01-16,1992338.4
2019-01-23,1967346.3
2019-01-30,1968198.0
2019-02-06,1959700.8
2019-02-13,1961802.6
2019-02-20,1954204.4
2019-02-27,1965700.8
2019-03-06,1957803.2
2019-03-13,1959609.9
2019-03-20,1939934.8
2019-03-27,1938339.8
2019-04-03,1992521.0
2019-04-10,1960471.5
2019-04-17,1957798.1
2019-04-24,1959652.9
2019-05-01,2004918.4
2019-05-08,1974325.3
2019-05-15,1982741.9
2019-05-22,1959791.6
2019-05-29,1968453.4
2019-06-05,1963408.1
2019-06-12,1987079.8
2019-06-19,1961130.0
2019-06-26,1986353.4
2019-07-03,2051845.2
2019-07-10,2003953.2
2019-07-17,1993632.7
2019-07-24,1991366.2
2019-07-31,2003938.7
2019-08-07,1996740.1
2019-08-14,2013800.0
2019-08-21,2011300.3
2019-08-28,2010975.9
2019-09-04,1999639.3
2019-09-11,1995915.2
2019-09-18,2019507.9
2019-09-25,2003208.8
2019-10-02,1998315.0
2019-10-09,1958639.3
2019-10-16,1985714.4
2019-10-23,1972491.1
2019-10-30,1985195.2
2019-11-06,1985287.7
2019-11-13,1979659.0
2019-11-20,1955088.4
2019-11-27,1971105.5
2019-12-04,1986957.6
2019-12-11,1990373.2
2019-12-18,1987675.3
2019-12-25,2012611.7
2020-01-01,1955487.8
2020-01-08,1972868.4
2020-01-15,1962912.3
2020-01-22,1957705.9
2020-01-29,1961984.5
2020-02-05,1965734.7
2020-02-12,1969565.9
2020-02-19,1959401.6
2020-02-26,1937646.9
2020-03-04,1997529.4
2020-03-11,2044484.9
2020-03-18,2172792.9
2020-03-25,2305656.5
2020-04-01,2306383.7
2020-04-08,2263397.2
2020-04-15,2235286.8
2020-04-22,2180139.6
2020-04-29,2133478.7
2020-05-06,2069330.1
2020-05-13,2071373.4
2020-05-20,2020373.2
2020-05-27,1978024.0
2020-06-03,1896205.4
2020-06-10,1859012.1
2020-06-17,1833838.6
2020-06-24,1834971.9
2020-07-01,1824270.5
2020-07-08,1782361.7
2020-07-15,1799588.7
2020-07-22,1827317.7
2020-07-29,1806591.8
2020-08-05,1800391.0
2020-08-12,1800256.1
2020-08-19,1805020.0
2020-08-26,1808349.0
2020-09-02,1800545.8
2020-09-09,1793422.7
2020-09-16,1755664.6
2020-09-23,1778411.3
2020-09-30,1711941.1
2020-10-07,1764998.1
2020-10-14,1730099.5
2020-10-21,1755125.5
2020-10-28,1745895.8
2020-11-04,1721186.4
2020-11-11,1704191.8
2020-11-18,1723361.0
2020-11-25,1728866.6
2020-12-02,1709198.1
2020-12-09,1727706.1
2020-12-16,1710873.3
2020-12-23,1691463.1
2020-12-30,1671634.5
2021-01-06,1650253.7
2021-01-13,1642243.8
2021-01-20,1654584.8
2021-01-27,1655155.7
2021-02-03,1675637.5
2021-02-10,1687396.4
2021-02-17,1710766.6
2021-02-24,1708610.1
2021-03-03,1710130.9
2021-03-10,1717766.4
2021-03-17,1718427.3
2021-03-24,1735493.5
2021-03-31,1644813.7
2021-04-07,1746030.8
2021-04-14,1735469.4
2021-04-21,1731907.7
2021-04-28,1714563.7
2021-05-05,1698841.3
2021-05-12,1694099.4
2021-05-19,1671852.1
2021-05-26,1697450.1
2021-06-02,1681943.8
2021-06-09,1688899.3
2021-06-16,1675309.9
2021-06-23,1644579.9
2021-06-30,1525616.4
2021-07-07,1651624.6
2021-07-14,1671963.5
2021-07-21,1655734.5
2021-07-28,1672702.8
2021-08-04,1692904.3
2021-08-11,1685160.5
2021-08-18,1690874.7
2021-08-25,1658754.5
2021-09-01,1692167.3
2021-09-08,1692939.6
2021-09-15,1693568.5
2021-09-22,1662804.5
2021-09-29,1682807.0
2021-10-06,1718705.8
2021-10-13,1720912.8
2021-10-20,1697042.3
2021-10-27,1690678.2
2021-11-03,1718756.8
2021-11-10,1726629.4
2021-11-17,1718583.3
2021-11-24,1694589.8
2021-12-01,1732717.5
2021-12-08,1708876.1
2021-12-15,1676491.4
2021-12-22,1660783.2
2021-12-29,1663428.2
2022-01-05,1671746.2
2022-01-12,1641940.3
2022-01-19,1653076.2
2022-01-26,1639063.1
2022-02-02,1626641.4
2022-02-09,1624263.9
2022-02-16,1617902.0
2022-02-23,1610831.4
2022-03-02,1657991.2
2022-03-09,1645773.7
2022-03-16,1631813.7
2022-03-23,1606513.2
2022-03-30,1611250.8
2022-04-06,1601635.7
2022-04-13,1597781.5
2022-04-20,1602498.2
2022-04-27,1597011.7
2022-05-04,1596779.0
2022-05-11,1621410.7
2022-05-18,1621171.5
2022-05-25,1616551.3
2022-06-01,1617702.4
2022-06-08,1600806.2
2022-06-15,1613822.4
2022-06-22,1665460.1
2022-06-29,1675208.6
2022-07-06,1718214.2
2022-07-13,1684774.3
2022-07-20,1681371.5
2022-07-27,1680028.4
2022-08-03,1699074.3
2022-08-10,1694037.3
2022-08-17,1684435.5
2022-08-24,1685761.3
2022-08-31,1677604.3
2022-09-07,1710146.1
2022-09-14,1729588.6
2022-09-21,1740768.5
2022-09-28,1790396.3
2022-10-05,1759400.3
2022-10-12,1768369.9
2022-10-19,1767624.9
2022-10-26,1783302.5
2022-11-02,1792972.8
2022-11-09,1801852.9
2022-11-16,1826912.4
2022-11-23,1841889.0
2022-11-30,1818127.9
2022-12-07,1844747.5
2022-12-14,1873185.8
2022-12-21,1885123.7
2022-12-28,1898359.3
2023-01-04,1913782.5
2023-01-11,1898997.3
2023-01-18,1910112.8
2023-01-25,1916086.9
2023-02-01,1932771.8
2023-02-08,1928522.9
2023-02-15,1947342.1
2023-02-22,1965878.1
2023-03-01,1969740.4
2023-03-08,1952207.9
2023-03-15,2485135.3
2023-03-22,2499483.3
2023-03-29,2427139.0
2023-04-05,2397778.1
2023-04-12,2412539.3
2023-04-19,2408523.2
2023-04-26,2412135.4
2023-05-03,2431333.5
2023-05-10,2412184.3
2023-05-17,2429056.3
2023-05-24,2413351.9
2023-05-31,2372230.9
2023-06-07,2383274.8
2023-06-14,2377791.4
2023-06-21,2341951.9
2023-06-28,2385956.6
2023-07-05,2316362.3
2023-07-12,2290621.6
2023-07-19,2305022.9
2023-07-26,2262024.5
2023-08-02,2252553.2
2023-08-09,2241946.4
2023-08-16,2258025.8
2023-08-23,2269947.5
2023-08-30,2325073.3
2023-09-06,2298496.0
2023-09-13,2331975.7
2023-09-20,2303077.2
2023-09-27,2375198.5
2023-10-04,2418605.0
2023-10-11,2392134.6
2023-10-18,2387188.1
2023-10-25,2372616.6
2023-11-01,2352105.2
