,Date,Open,High,Low,Close,Adj Close,Volume,Avg_price,PC_change_price,PC_change_vol
0,2004-02-01,48.20999994736842,48.30421036842105,47.97684205263158,48.11157878947368,40.77283352631579,28515.78947368421,48.16078936842105,,
1,2004-03-01,45.91913039130435,46.04652130434783,45.73391291304348,45.86173873913044,38.866178391304345,9539.130434782608,45.89043456521739,-0.04714114600231879,-0.6654789991493733
2,2004-04-01,46.55142833333333,46.617142666666666,46.30761914285714,46.41333357142857,39.33363352380952,3419.0476190476197,46.48238095238095,0.012899123592353713,-0.6415765941745886
3,2004-05-01,44.13800005,44.24100005,44.059000000000005,44.1300001,37.39859165,1540.0,44.134000075,-0.050521957551760414,-0.54958217270195
4,2004-06-01,45.818095,45.892380571428575,45.72809523809524,45.81285704761905,38.82475109523809,785.7142857142857,45.815476023809524,0.03809933262228827,-0.489795918367347
5,2004-07-01,43.00095219047619,43.05095219047619,42.82333338095238,42.8899999047619,36.34773666666666,2323.809523809524,42.945476047619046,-0.06264258772950405,1.9575757575757577
6,2004-08-01,40.62545468181818,40.66681809090909,40.56136340909091,40.609545,34.415133409090906,3077.2727272727275,40.61749984090909,-0.054207716876362846,0.32423621460506713
7,2004-09-01,41.45095238095238,41.51476190476191,41.374285666666665,41.44666623809524,35.12456247619048,738.0952380952381,41.44880930952381,0.020466780867133584,-0.7601463037208975
8,2004-10-01,42.97190461904762,43.19190461904762,42.809047523809525,43.02476176190476,36.461941095238096,2619.0476190476197,42.99833319047619,0.03738403845044446,2.5483870967741944
9,2004-11-01,45.78714252380952,45.98857133333333,45.638095047619046,45.82714280952381,38.836856857142855,5995.238095238095,45.807142666666664,0.06532368275179108,1.2890909090909086
10,2004-12-01,47.28090931818181,47.46136331818182,47.07636395454545,47.25181795454546,40.20973063636364,6627.272727272727,47.266363636363636,0.03185575184891046,0.10542277420752394
11,2005-01-01,44.85299985,44.9379998,44.47400025,44.60900005,38.2983574,8410.0,44.73099995,-0.05363991412305506,0.26899862825788756
12,2005-02-01,44.59736884210526,44.786842368421055,44.426315894736845,44.61789510526316,38.30599305263158,4084.2105263157896,44.60763197368421,-0.0027579972827276554,-0.5143626009136991
13,2005-03-01,44.12999977272728,44.27090913636364,43.899091,44.0295455,37.80087713636363,5368.181818181818,44.07977263636364,-0.011833386215882716,0.3143744142455482
14,2005-04-01,42.30142838095238,42.42666652380952,42.02571385714285,42.17714280952381,36.21052557142857,3395.2380952380954,42.239285595238094,-0.04175355114257639,-0.36752550300391107
15,2005-05-01,43.31380980952381,43.532380333333336,43.19047623809524,43.41142823809524,37.27020090476191,3852.380952380952,43.36261902380953,0.026594517704108034,0.134642356241234
16,2005-06-01,45.1245455,45.26045495454545,44.88181872727272,45.01454554545455,38.64653004545455,7050.0,45.06954552272728,0.03936400838659017,0.8300370828182945
17,2005-07-01,46.2929996,46.57700005,46.15749965,46.43799935,39.86861635,12860.0,46.365499475,0.02875453784239306,0.8241134751773049
18,2005-08-01,46.75173895652174,46.955652,46.53956504347826,46.75478221739131,40.14058634782609,13973.91304347826,46.75326058695653,0.008363138893081637,0.08661843261883827
19,2005-09-01,46.80476185714286,47.00904728571428,46.62619085714286,46.81476223809524,40.19207909523809,13561.90476190476,46.809762047619046,0.001208503106589319,-0.029484102290574084
20,2005-10-01,45.802380904761904,45.940476,45.474762380952384,45.66142871428571,39.20190471428572,15747.619047619048,45.73190480952381,-0.02302633448550202,0.16116573033707884
21,2005-11-01,48.31809542857143,48.52857180952381,48.14619023809525,48.3842859047619,41.53957095238096,31085.714285714286,48.35119066666667,0.05727480340152771,0.9739945570003025
22,2005-12-01,49.68904809523809,49.81476171428571,49.37000033333334,49.54619080952381,42.55940714285715,35042.857142857145,49.61761945238095,0.026192297816305048,0.1272977941176471
23,2006-01-01,50.56399995,50.7880004,50.2779996,50.5744999,43.500567,44560.0,50.569249925,0.01917928516365745,0.2715858132898491
24,2006-02-01,49.83157863157894,50.06368410526316,49.53842152631579,49.82315794736842,42.854315,30263.157894736843,49.82736828947368,-0.014670607862023156,-0.32084475101577997
25,2006-03-01,50.30956491304348,50.61173947826087,50.0560865652174,50.31956517391304,43.28128982608696,19086.95652173913,50.31456504347826,0.009777693880483386,-0.36930056710775055
26,2006-04-01,51.182105684210526,51.433684,50.90368431578947,51.14315752631579,43.98968284210527,24963.157894736843,51.16263160526316,0.01685528953797093,0.3078647644167368
27,2006-05-01,48.69909109090909,48.84954540909091,48.32272740909091,48.53636322727273,41.74750827272727,43877.27272727273,48.61772715909091,-0.04974146884794818,0.7576811760872482
28,2006-06-01,45.81590913636364,46.111363454545454,45.38909054545454,45.73318159090909,39.33640968181818,28200.0,45.77454536363636,-0.058480351953740156,-0.35729824924893816
29,2006-07-01,44.1589998,44.44250015,43.8334999,44.091499850000005,37.9243532,29000.0,44.125249825,-0.036030844774846825,0.028368794326241134
30,2006-08-01,45.489565130434784,45.84434752173913,45.25478286956521,45.590869347826086,39.214005695652176,18321.739130434784,45.540217239130435,0.032067068622663314,-0.368215892053973
31,2006-09-01,48.54550035,48.821500400000005,48.28000035,48.60700025,41.80826445,23215.0,48.5762503,0.0666670746195047,0.26707403891789266
32,2006-10-01,50.66409113636364,51.01454536363636,50.466364,50.82590877272728,43.71680827272727,29727.272727272728,50.74499995454546,0.0446462961046103,0.280520039942827
33,2006-11-01,52.6090479047619,52.89000033333333,52.33523814285714,52.64904757142857,45.28494357142857,51433.333333333336,52.62904773809524,0.03712775219701251,0.7301732925586137
34,2006-12-01,52.9919998,53.22200005,52.71200015000001,52.93399985,45.5819354,22725.0,52.962999825,0.006345394820112423,-0.5581659105638367
35,2007-01-01,53.227,53.53899965000001,52.92399995,53.2620007,45.92885055,52680.0,53.244500349999996,0.005315041178372272,1.3181518151815181
36,2007-02-01,53.63526336842106,53.83052657894736,53.29157926315789,53.56105231578948,46.186725263157896,38621.05263157895,53.598157842105266,0.006642141249904141,-0.26687447548255605
37,2007-03-01,52.077727227272725,52.39454522727272,51.79636331818181,52.1177275,44.94212240909091,37472.72727272727,52.097727363636366,-0.027994068058999635,-0.02973314502341485
38,2007-04-01,54.12799985,54.35649995,53.912999850000006,54.1755001,46.71658095,26470.0,54.151749975,0.03942633806320926,-0.29361960213488597
39,2007-05-01,56.2218179090909,56.528181545454544,55.99227309090909,56.28863627272727,48.53877486363637,39663.63636363636,56.25522709090909,0.03884412076950772,0.4984373390115739
40,2007-06-01,57.33857142857143,57.60476195238095,57.04095233333334,57.32952361904762,49.43635447619048,36433.333333333336,57.334047523809524,0.019177247852133806,-0.0814424325769729
41,2007-07-01,59.26952428571429,59.55761952380952,58.88619095238096,59.19761847619047,51.04724785714286,57309.52380952381,59.233571380952384,0.03313081736212729,0.5729969938570121
42,2007-08-01,57.06130447826087,57.49217386956522,56.51695630434783,57.01434765217391,49.16457017391304,74643.47826086957,57.03782606521739,-0.03706927109988639,0.3024620220010477
43,2007-09-01,59.18421031578947,59.5115785263158,58.89526321052632,59.24526263157895,51.08832984210526,64515.78947368421,59.21473647368421,0.038166083082790216,-0.1356808260165792
44,2007-10-01,62.280000173913045,62.61173934782609,61.87347860869565,62.3369562173913,53.754358869565216,78526.08695652174,62.30847819565217,0.05224614523688469,0.2171607539353182
45,2007-11-01,60.71904780952381,61.006190380952376,59.64095261904762,60.17952442857143,51.89396647619048,88914.28571428571,60.44928611904762,-0.0298385088264647,0.13228977987297005
46,2007-12-01,60.7905001,61.05549979999999,60.02399995,60.42500005,52.18806445,64320.0,60.607750075,0.002621436349807377,-0.2766066838046272
47,2008-01-01,54.18000057142857,54.730952333333335,53.16857138095239,53.79809528571429,46.52467233333333,169900.0,53.98904792857143,-0.10920554117646922,1.6414800995024876
48,2008-02-01,51.52850015,51.98350025,50.96649995,51.38600004999999,44.4386887,97380.0,51.457250099999996,-0.04689465596654071,-0.4268393172454385
49,2008-03-01,50.8300001,51.3735001,50.2185,50.747500200000005,43.88651375,113120.0,50.78875015,-0.01299136562293673,0.1616348326144999
50,2008-04-01,53.20954509090909,53.62545422727273,52.76363609090909,53.25045440909091,46.05107068181818,155154.54545454544,53.229999750000005,0.048066739047328305,0.3715925163944965
51,2008-05-01,56.64095195238095,57.1095239047619,56.213333285714285,56.73333314285715,49.06307261904762,56538.09523809524,56.68714254761905,0.06494726308201874,-0.6356014251953784
52,2008-06-01,56.062381095238095,56.48380885714285,55.43142866666666,55.87714304761905,48.32263561904762,83661.90476190476,55.969762071428576,-0.01265508268630488,0.47974395687694776
53,2008-07-01,51.88045427272727,52.41409059090909,51.22318190909091,51.85000009090909,44.8399555,175690.9090909091,51.865227181818184,-0.07333486399981809,1.10001086624685
54,2008-08-01,54.037143,54.441428571428574,53.56809547619047,54.09285714285714,46.779585,211219.04761904763,54.06500007142857,0.042413250826008844,0.20221956111431438
55,2008-09-01,49.3799999047619,50.05714304761905,48.072381285714286,48.809524095238096,42.21054733333334,160742.85714285713,49.094762,-0.09193078821533493,-0.23897556136712067
56,2008-10-01,38.83043465217391,39.75956513043479,37.32739117391304,38.44913052173913,33.25086095652174,224530.4347826087,38.63978258695652,-0.2129550890386938,0.39682993554769025
57,2008-11-01,33.94842063157895,34.63368394736842,33.02315789473685,33.80263147368421,29.23256621052632,310263.15789473685,33.87552605263158,-0.1232992583124211,0.3818311900350388
58,2008-12-01,33.430454545454545,34.03454554545454,32.85090872727273,33.520000045454545,29.07565309090909,200677.27272727276,33.475227295454545,-0.011816753976162582,-0.3532030225923355
59,2009-01-01,33.99750014999999,34.58949975,33.4439996,34.001500150000005,29.685295000000004,248685.0,33.99950015,0.015661517393689123,0.23922852159731794
60,2009-02-01,33.48736894736842,34.102105736842105,33.034737105263154,33.54999994736843,29.291108842105263,134768.42105263157,33.51868444736842,-0.014141846218629808,-0.4580757944683774
61,2009-03-01,32.96818186363636,33.542272590909086,32.485909,33.02818181818182,28.835533227272723,140677.27272727274,32.99818184090909,-0.015528730170679366,0.04384448247214797
62,2009-04-01,37.79761885714286,38.33857128571429,37.43476209523809,38.00238133333333,33.17829857142857,197990.47619047615,37.9000000952381,0.14854813146862653,0.40740911699585614
63,2009-05-01,39.74849985,40.1534998,39.21599955,39.7284996,34.6853021,197175.0,39.738499725,0.048509224937782904,-0.004118764731348128
64,2009-06-01,42.34954563636364,42.67090881818182,41.94045431818181,42.34500031818182,36.96965677272727,125450.0,42.34727297727273,0.06564850888498745,-0.36376315455813363
65,2009-07-01,43.83045454545454,44.246818181818185,43.52909086363636,44.019999863636365,38.432030454545455,153459.0909090909,43.92522720454545,0.03726223948634399,0.22326895902025437
66,2009-08-01,47.06619033333333,47.35761842857143,46.69619038095238,47.08523780952381,41.10816042857143,141271.42857142858,47.07571407142857,0.07172386046433707,-0.07941961773305628
67,2009-09-01,49.12619000000001,49.49666676190476,48.80333328571429,49.173333142857146,42.93119442857143,171814.2857142857,49.14976157142858,0.044057696009730786,0.21619981797957316
68,2009-10-01,50.5886364090909,50.94636336363636,50.1422725,50.486363590909086,44.07754509090909,196404.54545454544,50.537499999999994,0.028234896451219578,0.14312115920995935
69,2009-11-01,51.765,52.0919998,51.4915003,51.87349955,45.2885967,215225.0,51.819249775,0.025362350234974202,0.09582494387743301
70,2009-12-01,53.69863668181818,53.96636377272728,53.433181727272725,53.71090886363636,46.9634845,187390.9090909091,53.70477277272727,0.036386536005716695,-0.12932554726026677
71,2010-01-01,54.489473157894736,54.775263157894734,53.83947405263158,54.23789505263158,47.57195552631579,268089.4736842105,54.36368410526316,0.01226913919409611,0.43064290036691194
72,2010-02-01,51.74315789473684,52.13315805263158,51.409473526315786,51.88578957894737,45.50892994736842,210536.84210526315,51.8144737368421,-0.04689178833952975,-0.21467695388420988
73,2010-03-01,55.279130521739134,55.6186954347826,55.05999991304348,55.38304347826087,48.57636395652174,149317.39130434784,55.331087000000004,0.06786932317441356,-0.29077785241172716
74,2010-04-01,58.0133330952381,58.32190485714285,57.57000009523809,58.01714223809524,50.88672323809524,174623.80952380953,58.01523766666667,0.0485107163476956,0.16948071486114166
75,2010-05-01,54.3434997,54.9830006,53.02099985,54.1845002,47.52512555,278120.0,54.26399995,-0.06465952510993486,0.5926808649886831
76,2010-06-01,52.72772704545455,53.1668185,52.08227263636363,52.52272663636364,46.06758540909091,134490.9090909091,52.62522684090909,-0.03020000572388519,-0.5164284873762797
77,2010-07-01,52.28904795238096,52.734286,51.73809547619047,52.35428576190476,45.9198460952381,133600.0,52.32166685714286,-0.005768335872145965,-0.006624307151547906
78,2010-08-01,51.72272677272727,52.06045431818182,51.3059094090909,51.70045463636364,45.34636977272727,189536.36363636365,51.71159070454546,-0.01166010544471242,0.41868535655960815
79,2010-09-01,53.51999980952381,53.93523785714286,53.26523823809524,53.67666638095238,47.07970371428571,148471.42857142858,53.5983330952381,0.03648587028530132,-0.21665992887634214
80,2010-10-01,57.31380938095239,57.660476333333335,56.94619038095239,57.38523795238096,50.332485857142856,124409.52380952382,57.34952366666668,0.06998707524659666,-0.1620642098848584
81,2010-11-01,59.727619,60.00142838095238,59.340952238095234,59.733809095238094,52.39240990476191,122504.76190476192,59.730714047619045,0.04152066536406806,-0.015310418739952448
82,2010-12-01,61.47045436363636,61.68363645454545,61.21772731818182,61.47500009090909,54.02059836363637,139068.18181818182,61.47272722727273,0.02916444592081888,0.1352063352957389
83,2011-01-01,63.71200025,63.9999999,63.25050015000001,63.719999900000005,56.2165004,208700.0,63.716000075000004,0.03649216406868695,0.5007027292041183
84,2011-02-01,65.8784207368421,66.20999984210526,65.52421031578947,65.95999984210528,58.19272342105263,234426.31578947368,65.91921028947368,0.03457860210748137,0.12326936171285903
85,2011-03-01,63.61956547826087,63.989565130434784,63.08739169565218,63.50695669565218,56.02854334782609,210543.4782608696,63.56326108695652,-0.03573994882783615,-0.10187780091230049
86,2011-04-01,64.23350015,64.43300024999999,63.8415001,64.21650009999999,56.65453625,154170.0,64.225000125,0.010410715666998138,-0.2677521941146103
87,2011-05-01,64.73952347619048,65.06666585714285,64.3076190952381,64.6971420952381,57.078577571428575,134266.66666666666,64.7183327857143,0.007681318174451333,-0.1290999113532681
88,2011-06-01,61.48318168181818,61.901363545454544,61.08500004545454,61.45227295454545,54.21581381818182,133045.45454545456,61.467727318181815,-0.05022696549207164,-0.009095422948451577
89,2011-07-01,64.4065005,64.89599940000001,63.9754999,64.4485,56.85921375,170475.0,64.42750025000001,0.048151657153309275,0.2813290058079944
90,2011-08-01,58.22869530434782,58.99304343478261,57.204348,58.103913,51.26174786956522,324769.5652173913,58.16630415217391,-0.0971820429712559,0.9050861722680235
91,2011-09-01,58.53238080952381,59.196190809523806,57.829047333333335,58.50095266666666,51.61203547619047,220576.19047619047,58.51666673809524,0.0060234630862005195,-0.32082247199320174
92,2011-10-01,61.15428571428571,61.81809504761905,60.56238128571429,61.35714300000001,54.131889190476194,221323.80952380956,61.255714357142864,0.04680799115415888,0.0033893914207380514
93,2011-11-01,62.34476176190476,62.78095271428571,61.709047857142856,62.2476189047619,54.91750352380952,152028.57142857142,62.29619033333333,0.01698577817775685,-0.3130943672275056
94,2011-12-01,62.11857128571428,62.47904771428571,61.54523804761904,61.95095190476191,54.797765047619045,131847.61904761905,62.034761595238095,-0.004196544551061393,-0.13274447159055308
95,2012-01-01,64.2404999,64.5395003,63.8605,64.3099998,57.18413645,173275.0,64.27524985,0.036116657776176314,0.3142065154579601
96,2012-02-01,69.3815003,69.7339996,69.01400065,69.4755,61.77727245,230495.0,69.42850014999999,0.08017472218351862,0.3302265185398932
97,2012-03-01,72.619545,72.94272731818181,72.27727277272727,72.695,64.64003795454545,241090.9090909091,72.6572725,0.046504999287385794,0.045970234022035567
98,2012-04-01,72.92100024999999,73.35999905,72.39149965,72.85899955,64.78586215,230945.0,72.88999989999999,0.0032030847290611887,-0.04208333333333332
99,2012-05-01,68.97272690909091,69.40363659090909,68.29090918181818,68.79681881818182,61.17379495454545,244972.7272727273,68.88477286363636,-0.05494892360897967,0.06074055412642531
100,2012-06-01,67.17952371428571,67.644762,66.61761976190476,67.2004768095238,59.7543359047619,159719.04761904763,67.19000026190476,-0.024603007766122068,-0.34801294251325793
101,2012-07-01,68.00571366666667,68.4361899047619,67.47809495238096,68.02476176190476,60.48728823809523,129571.42857142857,68.01523771428572,0.01228214688442042,-0.1887540621925406
102,2012-08-01,71.78999930434782,72.1434787826087,71.43782673913043,71.84826126086956,63.88711678260869,133956.52173913043,71.81913028260868,0.05592706423084377,0.03384305642107285
103,2012-09-01,74.20684210526316,74.55631578947369,73.78736894736842,74.2152637894737,65.99184610526316,154189.47368421053,74.21105294736843,0.03330481245522631,0.15104118621773527
104,2012-10-01,71.53190395238096,71.80714261904761,70.92761885714286,71.27190499999999,63.37463657142857,167157.14285714287,71.40190447619048,-0.037853505099439,0.08410216899430446
105,2012-11-01,68.19142804761904,68.6371431904762,67.6947617142857,68.17571395238095,60.621510047619054,197157.14285714287,68.183571,-0.045073496285573986,0.17947184001367403
106,2012-12-01,69.2979988,69.7014999,68.8405004,69.31999965,61.89476415,238745.0,69.30899922500001,0.01650585630077966,0.2109376132164335
107,2013-01-01,70.71523828571428,71.00476138095239,70.43000076190476,70.74999928571428,63.66158761904762,267323.8095238095,70.73261878571428,0.020540183477368218,0.11970432689191199
108,2013-02-01,71.36473684210527,71.71421047368422,70.95158,71.317894,64.172585,202589.47368421053,71.34131542105263,0.008605600157155282,-0.2421570153250167
109,2013-03-01,72.40149995,72.69699935,72.0949993,72.50099915,65.23714795,171840.0,72.45124955,0.015558083312546185,-0.15178218850670272
110,2013-04-01,71.43727240909091,71.84772722727273,70.96181800000001,71.47181831818182,64.31107704545455,206200.0,71.45454536363636,-0.013756894360749419,0.1999534450651769
111,2013-05-01,75.54136336363636,75.98954563636363,75.25999968181817,75.64772736363636,68.0686030909091,236236.36363636365,75.59454536363637,0.05793893137142379,0.14566616700467336
112,2013-06-01,75.4449998,75.75350005,74.83599964999999,75.24900015,67.70982665,217035.0,75.346999975,-0.0032746461724928386,-0.08128030477949669
113,2013-07-01,76.8886369090909,77.15318163636363,76.54318131818182,76.86500027272727,69.16391886363637,245850.0,76.8768185909091,0.02030364336226637,0.13276660446471766
114,2013-08-01,78.81136422727273,79.1618180909091,78.45500040909091,78.79727240909091,70.90260072727273,203481.81818181815,78.80431831818183,0.025072574055512026,-0.1723334627544513
115,2013-09-01,80.3959995,80.7394996,80.0244995,80.4244995,72.3667957,338740.0,80.41024949999999,0.020378720558612354,0.6647187597730423
116,2013-10-01,82.13521782608696,82.54826056521739,81.70347891304347,82.19347908695651,73.95854308695652,348552.17391304346,82.16434845652174,0.02181437027529363,0.028966682154583038
117,2013-11-01,84.85499999999999,85.23899995000001,84.51699975,84.92499925,76.41639375,210870.0,84.889999625,0.03317316110551983,-0.3950116631531677
118,2013-12-01,87.43285614285715,87.74047552380952,87.0952390952381,87.4628569047619,78.9902191904762,238938.09523809524,87.44785652380952,0.030131427849084742,0.13310615658033498
119,2014-01-01,88.818572,89.18190433333334,88.27952395238096,88.71857133333333,80.69942800000001,407900.0,88.76857166666667,0.015102887541875437,0.7071367359547203
120,2014-02-01,89.48684163157894,90.01947305263157,89.08368405263158,89.63789363157895,81.53564705263159,450415.7894736842,89.56236763157895,0.00894230863478402,0.10423091314950776
121,2014-03-01,91.88714233333332,92.30761923809524,91.21285728571428,91.6895231904762,83.40183733333333,430200.0,91.78833276190475,0.02485379952752552,-0.0448825062223209
122,2014-04-01,90.35952347619047,90.84285771428571,89.47571461904761,90.183334,82.03179104761905,373161.90476190473,90.27142873809524,-0.016526109344902302,-0.13258506563945902
123,2014-05-01,91.17571409523808,91.67095261904764,90.74333338095238,91.30000009523808,83.04752161904761,305176.1904761905,91.23785709523807,0.010705805487434267,-0.18218824970649783
124,2014-06-01,95.28904766666668,95.68666585714286,94.94333385714286,95.442381,86.81548066666667,291923.8095238095,95.36571433333333,0.04524281224389588,-0.043425343673443896
125,2014-07-01,98.27136409090907,98.60590913636362,97.75727295454546,98.21545372727272,89.33789790909091,282668.1818181818,98.2434089090909,0.030175358050579065,-0.03170562798808916
126,2014-08-01,98.91952323809524,99.32190547619048,98.53666685714286,99.04238161904762,90.09008285714286,329533.3333333333,98.98095242857143,0.007507307896481966,0.1657956378878757
127,2014-09-01,101.050953,101.51333295238096,100.49190371428573,101.0028581904762,91.87334623809524,314176.1904761905,101.0269055952381,0.02067017053753972,-0.04660269934394955
128,2014-10-01,97.24913095652174,97.99869630434782,96.50304413043476,97.27304369565218,88.48067034782608,456391.3043478261,97.26108732608697,-0.03727539952810988,0.45266038033016787
129,2014-11-01,104.06105331578948,104.45578957894736,103.64263205263155,104.2010527368421,94.78246742105264,269552.63157894736,104.13105302631578,0.07063426791843179,-0.40938263062629426
130,2014-12-01,105.37318154545454,105.99909072727272,104.73681809090908,105.22181809090908,95.7109669090909,359559.0909090909,105.29749981818182,0.011201718968224151,0.33391051982285014
131,2015-01-01,102.9375008,103.55750015,101.75699945,102.59149935,93.31840365,497970.0,102.764500075,-0.02405564944614614,0.3849462093725903
132,2015-02-01,106.38736842105264,106.8968422631579,105.94789526315787,106.66526357894736,97.02394136842103,527984.2105263158,106.52631600000001,0.03660618133941725,0.060273129960270386
133,2015-03-01,107.5286369090909,108.16045522727272,106.895,107.43545363636365,97.72451886363636,422154.5454545455,107.48204527272728,0.008971766870519282,-0.2004409657748573
134,2015-04-01,107.7223810952381,108.31666714285714,107.18285723809524,107.81904823809523,98.07342961904764,303209.5238095238,107.77071466666666,0.002685745262912615,-0.28175705538584295
135,2015-05-01,109.6679996,110.22049935,109.1744999,109.72350045,99.80575095,247490.0,109.695750025,0.017862323399148276,-0.18376574425982342
136,2015-06-01,109.66272727272728,110.02772690909092,108.9586365,109.43545504545456,99.54374068181818,271063.63636363635,109.54909115909092,-0.00133696032777615,0.09525086413041478
137,2015-07-01,108.11636345454544,108.56545463636364,107.41863663636364,108.0231811818182,98.2591199090909,284300.0,108.06977231818182,-0.013503707107535784,0.04883120367575548
138,2015-08-01,105.32523857142856,106.29857123809524,103.40428557142856,105.13666671428572,95.63351585714284,461019.0476190476,105.23095264285715,-0.026268396929407287,0.6215935547627421
139,2015-09-01,101.82619042857144,102.54714242857142,100.9323806190476,101.6976188095238,92.7584740952381,311028.5714285714,101.76190461904761,-0.032966042183264474,-0.3253455078810915
140,2015-10-01,106.12591,106.8163639090909,105.61409172727272,106.47863668181816,97.79842513636363,296768.1818181818,106.30227334090908,0.0446175682231837,-0.045849130659896736
141,2015-11-01,111.09849975,111.6534996,110.5179991,111.1074998,102.0499352,321305.0,111.102999775,0.0451610890643429,0.08268008393450656
142,2015-12-01,110.38181786363636,110.84863636363636,109.40954622727271,110.07090904545454,101.19977295454544,345240.9090909091,110.22636345454545,-0.007890302892179955,0.07449591226687763
143,2016-01-01,100.7636834736842,101.60420989473684,99.39894742105264,100.52842073684212,92.67652536842104,622857.8947368421,100.64605210526315,-0.0869148817853632,0.804125404422541
144,2016-02-01,98.73449965,99.5950004,97.7875001,98.71200065,91.0019794,527995.0,98.72325015,-0.019104593921400355,-0.15230262879933756
145,2016-03-01,105.86000031818185,106.57272754545455,105.4204541818182,106.2281815,98.0683125,372968.1818181818,106.04409090909093,0.07415518378869872,-0.2936141785089218
146,2016-04-01,108.6538100952381,109.17523809523809,107.949524,108.59238152380952,100.48944390476191,312261.90476190473,108.62309580952382,0.02432011890831156,-0.1627652974587274
147,2016-05-01,105.61238023809524,106.2938098095238,105.20619057142858,105.81857095238097,97.92261176190476,299919.04761904763,105.7154755952381,-0.02676797409074379,-0.03952725886389617
148,2016-06-01,107.97954627272726,108.54090986363636,107.46454586363636,108.02772754545454,100.0829655909091,343931.8181818182,108.0036369090909,0.021644525562309117,0.14674883410097667
149,2016-07-01,111.26200065,111.73250015,110.8880005,111.42050105,103.44160345,425225.0,111.34125085,0.030902792132069024,0.23636423709773344
150,2016-08-01,117.08999991304348,117.48739082608697,116.74434791304348,117.19173895652172,108.79955821739132,269769.5652173913,117.1408694347826,0.05208867818986432,-0.3655839491624639
151,2016-09-01,118.7519037142857,119.38285723809524,118.19523842857144,118.89238133333332,110.5405226190476,516776.1904761905,118.8221425238095,0.014352574785719342,0.9156208005145101
152,2016-10-01,119.99333252380954,120.4119043809524,119.39714304761904,119.85333295238097,111.64932366666666,389823.8095238095,119.92333273809525,0.009267550566722823,-0.24566220985413229
153,2016-11-01,119.63333276190475,120.3152381904762,118.86476128571428,119.62714342857144,111.4386216190476,516909.5238095238,119.6302380952381,-0.0024440168244594697,0.3260080866814067
154,2016-12-01,122.16809528571429,122.756667,121.5042848095238,122.09428628571428,113.96674385714286,420476.1904761905,122.13119078571428,0.02090569015239412,-0.18655747068198356
155,2017-01-01,125.3585004,125.8669997,124.9119995,125.5314994,117.34919015,534605.0,125.4449999,0.027133192536376506,0.27142751981879953
156,2017-02-01,131.08684131578948,131.5221050526316,130.71683968421053,131.3131577368421,122.75399894736844,445142.1052631579,131.1999995263158,0.04587667608038153,-0.16734391697953083
157,2017-03-01,134.6969564347826,135.19565226086956,134.19521704347827,134.76086817391305,126.06615560869568,395417.39130434784,134.72891230434783,0.026897201149183054,-0.11170525854752374
158,2017-04-01,135.448948,135.9015792105263,134.94105210526314,135.42631542105264,126.94175115789471,408505.2631578947,135.43763171052632,0.00526033643452503,0.033098877645149676
159,2017-05-01,142.1913639545455,142.6727267727273,141.6877281818182,142.33545604545455,133.41802277272726,556763.6363636364,142.26341000000002,0.05039794481981627,0.36292891812372335
160,2017-06-01,144.52318159090908,145.06409177272727,143.21590845454546,144.2181812272727,135.23473427272728,550786.3636363636,144.37068140909088,0.014812462382919514,-0.010735745542420445
161,2017-07-01,145.5570007,146.21050044999998,144.86449965,145.7,136.9630218,443895.0,145.62850035,0.008712426433348637,-0.19407046124136568
162,2017-08-01,147.7213035652174,148.4182612173913,147.0573915652174,147.80130404347824,138.93832,358104.347826087,147.76130380434782,0.014645508600458663,-0.1932678948262833
163,2017-09-01,151.0915023,151.53750150000002,150.32549825,151.02300035000002,142.0268036,400670.0,151.057251325,0.022305890891544836,0.11886382400077698
164,2017-10-01,156.5268174090909,157.12999922727272,156.044546,156.77909222727274,147.79215313636362,468604.5454545455,156.65295481818183,0.03704359402874773,0.16955236342762256
165,2017-11-01,165.31904676190476,165.78666614285714,164.40428671428572,165.30047461904763,155.82507980952383,454871.4285714286,165.3097606904762,0.05526104427676984,-0.029306409885110806
166,2017-12-01,165.07449954999998,165.78449940000002,164.1874999,164.93600085,155.7099403,598965.0,165.00525019999998,-0.0018420599558327338,0.31677868157407113
167,2018-01-01,173.8704760952381,174.71000095238094,173.10523776190476,174.14047528571427,164.59384585714287,613728.5714285715,174.0054756904762,0.05454508556283639,0.02464847099341611
168,2018-02-01,172.06105442105263,174.1557866842105,170.1789463157895,172.06473594736843,162.63190415789472,917210.5263157894,172.06289518421053,-0.011163904460806538,0.4944888815927296
169,2018-03-01,177.94142652380953,179.38761828571427,175.92571504761904,177.55714352380951,167.98567642857142,939276.1904761904,177.74928502380953,0.03304832127525899,0.024057360363092823
170,2018-04-01,172.29714295238097,173.57761923809525,170.3590458095238,171.84666647619048,162.76234657142857,502461.90476190473,172.07190471428572,-0.031940383381926556,-0.4650541450356911
171,2018-05-01,179.94636531818182,181.2059084090909,179.146363,180.48909204545456,170.94791054545453,434345.4545454545,180.2177286818182,0.0473396512990199,-0.13556540221437832
172,2018-06-01,186.645239,187.60809828571428,185.48714404761904,186.59428557142857,176.77491114285715,579495.2380952381,186.61976228571427,0.035523883530899115,0.33418050547273226
173,2018-07-01,188.19952323809525,189.31476261904763,186.98666742857145,188.3423825238095,178.87171657142858,422052.38095238095,188.2709528809524,0.008847887142360369,-0.27168964780515065
174,2018-08-01,194.33174060869564,195.5417393913044,193.76434852173912,194.96695743478256,185.16318682608696,538530.4347826086,194.6493490217391,0.0338788115913978,0.2759800894083088
175,2018-09-01,200.82789378947368,201.82894584210527,199.56000163157896,200.7610530526316,190.8287811052632,487347.36842105264,200.79447342105266,0.031570228362938095,-0.09504210543312623
176,2018-10-01,190.97086973913045,192.6200004347826,188.1026087826087,189.99173843478263,181.02132917391305,851730.4347826086,190.48130408695653,-0.051361818671523396,0.7476865373093399
177,2018-11-01,181.09952361904763,182.88619057142856,179.20285766666666,181.23428557142856,172.67735228571428,768366.6666666666,181.1669045952381,-0.04889928455900491,-0.09787576527920992
178,2018-12-01,171.6515784736842,173.6400002105263,168.60473715789473,170.75105284210525,163.05144384210527,1162436.8421052631,171.20131565789472,-0.05500777837767015,0.5128673490589517
179,2019-01-01,171.76761947619048,173.49571519047618,170.719999,172.5395217142857,164.988495,973561.9047619049,172.15357059523808,0.00556219403854472,-0.1624818919205031
180,2019-02-01,188.01894731578943,189.2373689473684,187.4173680526316,188.6342107368421,180.37880747368425,516305.2631578947,188.32657902631576,0.09394523956231574,-0.46967392557932636
181,2019-03-01,196.52428628571428,197.75809523809525,195.1523807619048,196.63047566666663,188.2159837142857,556680.9523809524,196.57738097619045,0.043811139099605136,0.07820119627699815
182,2019-04-01,208.59523880952375,209.38285680952384,207.6566670952381,208.8890468095238,200.3466861904762,720271.4285714285,208.74214280952378,0.061882815677591775,0.29386756541748266
183,2019-05-01,203.50091,205.23954704545457,202.18272613636364,203.67227236363635,195.3432443636364,690472.7272727273,203.58659118181816,-0.024698182927105603,-0.04137148874251941
184,2019-06-01,206.56499935,207.8079987,205.2214981,206.4844994,198.2220054,540315.0,206.524749375,0.014431982853712787,-0.21747090267537394
185,2019-07-01,218.42636309090904,219.3877258636364,217.25772713636363,218.4881813636364,210.18234936363635,458859.0909090909,218.4572722272727,0.05777768954270018,-0.15075633489891843
186,2019-08-01,211.46409254545455,212.97090913636364,209.25954572727275,211.15363513636365,203.1266313181818,608936.3636363636,211.3088638409091,-0.032722226701277904,0.3270661423094831
187,2019-09-01,216.83600075,217.92049935,215.1254998,216.63699955,208.52127685,436905.0,216.73650015,0.02568579571360185,-0.2825112341937507
188,2019-10-01,217.5591303913044,218.8069557826087,216.2052167826087,217.5334778260869,210.07135739130436,400504.347826087,217.54630410869567,0.003736352474710998,-0.08331479880961085
189,2019-11-01,231.4720009,232.3904984,230.61000065,231.856501,223.90304575,489975.0,231.66425095,0.06489628449054408,0.2233949585305484
190,2019-12-01,238.6685724761905,239.53761942857145,237.6571444285714,238.8023812857143,230.94646923809523,455609.5238095238,238.73547688095238,0.030523595686235423,-0.07013720330726304
191,2020-01-01,254.89285785714284,256.4295232380952,253.45571385714288,255.13999942857143,247.0608796666667,751366.6666666666,255.01642864285714,0.06819661650046006,0.649146094190932
192,2020-02-01,261.0789481578948,263.853160631579,258.46947510526314,261.11842268421054,252.85000131578943,1117105.2631578948,261.09868542105266,0.02385045077512848,0.4867644689559845
193,2020-07-01,285.87499986363633,288.2827286818182,282.80636313636364,286.00272436363633,278.7107695454545,752172.7272727273,285.93886211363633,0.0951371189499707,-0.3266769461398437
194,2020-08-01,309.51857361904763,311.63904976190474,307.5133361904762,310.08476476190475,302.1788227619048,650523.8095238095,309.8016691904762,0.08345422829358695,-0.13514039270937478
195,2020-09-01,309.2309497142857,312.3438095714285,303.7938100952381,308.0199991428572,300.6287172857143,1078361.9047619049,308.62547442857147,-0.003796605631526117,0.6576824537003151
196,2020-10-01,317.8663635909091,320.31272609090905,314.70818263636363,317.1390894090909,309.7770953181818,668704.5454545454,317.5027265,0.02876383450803925,-0.3798885675563707
197,2020-11-01,323.7134964,326.1030028,320.4839966,323.6769989,316.1632401,555935.0,323.69524765,0.01950383613477412,-0.16863881997077113
198,2020-12-01,345.65454245454544,347.5340923636364,343.5204523636364,345.881363,338.1632259090909,472081.8181818182,345.7679527272727,0.06818977182247396,-0.15083270853279937
199,2021-01-01,356.73841784210526,359.26421152631576,353.0994745263158,356.08841910526314,348.5142212105264,702515.7894736842,356.4134184736842,0.03078789015131255,0.48812295330365035
200,2021-02-01,369.3589461578948,371.9784225263158,365.74526184210526,369.5868417368421,361.725518368421,510189.4736842105,369.47289394736845,0.036641368693722434,-0.27376796176148877
201,2021-03-01,355.547389826087,358.584783173913,351.1717356956522,354.79087104347826,347.3533736086957,578726.0869565217,355.16913043478263,-0.038713972653764944,0.13433560825430318
202,2021-04-01,380.0709520476191,382.3990449047619,377.7947634761905,380.50142985714285,373.07864380952384,409823.8095238095,380.28619095238093,0.07071859113107913,-0.29185184708184997
203,2021-05-01,366.4730011,369.0125015,363.4565003,366.1479996,359.00522315,428580.0,366.31050035,-0.03675045514374455,0.045766473397394924
204,2021-06-01,383.54818036363633,385.7527299090909,381.8436348181818,384.3931801363637,377.02705936363634,460977.2727272727,383.97068025,0.04821095732480005,0.07559212452114589
205,2021-07-01,406.69714209523806,409.103331,404.1633358571429,407.3604720952381,400.0131516190476,674080.9523809524,407.0288070952381,0.06005179049146454,0.4622867378968549
206,2021-08-01,416.6968215909091,418.7586350454545,414.5895469545454,417.1504559090909,409.62655086363634,430822.7272727273,416.92363875,0.024309905054082995,-0.3608739043122366
207,2021-09-01,420.5652408571429,422.3766653809524,417.01476038095234,419.3214256666666,411.8409074761905,673790.4761904762,419.94333326190474,0.007242799954826815,0.5639622367553071
208,2021-10-01,416.72238457142856,419.8014279047619,414.4990510476191,417.68713947619045,411.0530584761905,547595.2380952381,417.2047620238095,-0.006521287567118673,-0.18729151354101883
209,2021-11-01,447.659046,450.5666678571429,444.4157176666666,447.7852362380952,440.6730970476191,605119.0476190476,447.7221411190476,0.07314724536508642,0.10504804556719848
210,2021-12-01,451.5031794090909,455.7000010909091,446.7059063181818,451.61090913636366,444.8393248636363,497109.0909090909,451.55704427272724,0.008565364098578188,-0.178493731332606
211,2022-01-01,425.9324996,431.2444992,418.6459992,424.51049955,418.51880655,1470785.0,425.22149957500005,-0.05832163406982815,1.9586765297538498
212,2022-02-01,409.7915745263158,415.15262957894737,404.2500016315789,410.1694721578948,404.3801879473684,937384.2105263158,409.9805233421053,-0.03584244034727263,-0.3626640123972465
213,2022-03-01,398.28522,403.24130391304345,393.0013055217392,398.6226117391304,393.1767406086957,659934.7826086957,398.4539158695652,-0.028115012339066162,-0.2959826128944927
214,2022-04-01,391.92500155,395.976503,386.06100315,389.72050475,384.86226805,687460.0,390.82275315,-0.019151933048295863,0.0417089962776295
215,2022-05-01,352.4590483809524,357.74095080952384,346.3933323809524,352.86333347619046,348.4645603809524,1118928.5714285714,352.66119092857144,-0.09764416711629355,0.6276271658402981
216,2022-06-01,340.42286023809527,344.6504763809524,335.98238271428573,339.8380955238095,335.774076952381,757261.9047619047,340.1304778809524,-0.03553187413286148,-0.32322587509309497
217,2022-07-01,342.36150205,347.0634979,339.10350035,344.6540024,340.97949370000003,499870.0,343.507752225,0.009929349363480573,-0.3398981292249646
218,2022-08-01,375.0160907391304,378.1930423478261,371.6286939565218,374.6586941304348,370.6642973478261,432378.2608695653,374.8373924347826,0.09120504561207537,-0.13501858309247344
219,2022-09-01,334.3109494761905,337.67523771428574,330.11428395238096,333.5700001428572,330.12037728571426,1013409.5238095238,333.94047480952383,-0.10910575745821399,1.3438031361045624
220,2022-10-01,316.19571647619046,321.34619138095235,312.8347604285714,317.4900003809524,314.8606524285714,750714.2857142857,316.8428584285714,-0.05119959295351888,-0.25921923163671906
221,2022-11-01,331.1395263809524,334.88285619047616,327.05000085714283,331.2604733809524,328.51707814285714,754504.7619047619,331.1999998809524,0.04531312942821996,0.0050491595306058025
222,2022-12-01,331.40381147619047,334.2057132857143,326.9761876190476,330.48285633333336,328.16939590476187,788776.1904761905,330.9433339047619,-0.0007749576578585784,0.04542241520770492
223,2023-01-01,332.8349991,336.90299825,330.1800018,334.4669999,332.5393402,732975.0,333.6509995,0.008181659268644774,-0.07074400970762429
224,2023-02-01,360.4700027894737,364.4205241052632,357.7884215789474,361.2757873157895,359.1936260526316,606163.1578947369,360.87289505263163,0.08158793347967064,-0.17300977810329568
225,2023-03-01,363.2126053913043,367.0508689130435,360.3521755652174,364.01565008695655,362.1199235217391,667891.304347826,363.6141277391304,0.007596116871285094,0.10183421022728766
226,2023-04-01,378.8673691052632,381.38473668421057,376.3400011052631,379.2415755789474,377.8399288947368,551200.0,379.0544723421053,0.042463544249447725,-0.17471601080623633
227,2023-05-01,393.1390907727273,396.0195437727273,391.05409240909097,393.92272809090906,392.46682331818187,460004.5454545455,393.53090943181815,0.03819091488425311,-0.1654489378545981
228,2023-06-01,429.290478,433.18047804761903,426.8095222857143,430.2799974285714,428.7545092380952,621190.4761904762,429.7852377142857,0.09212574517923314,0.3504007347941695
229,2023-07-01,447.11000215,450.0205032,444.20200345,447.1720032,446.21266175,603715.0,447.141002675,0.04038241297680893,-0.028132234572633228
230,2023-08-01,431.7908696521739,434.9930432608696,427.98695704347824,431.3465231304348,430.4211347391305,589060.8695652174,431.56869639130434,-0.03482638852293807,-0.02427325879725134
231,2023-09-01,427.93600315,430.22999735,424.48399965,426.99049985,426.16329495,476455.0,427.46325149999996,-0.009512842163097878,-0.19116168698886957
232,2023-10-01,416.7550007727272,420.50454436363634,413.0254544545455,416.7100011818182,416.7100011818182,540877.2727272727,416.7325009772727,-0.025103328730767514,0.13521166264867135
233,2023-11-01,416.536662,422.143331,415.93332933333335,421.4166666666667,421.4166666666667,390433.3333333333,418.97666433333336,0.005385141189607007,-0.27814801430896496
