,Month,Open,High,Low,Close,Adj Close,Volume,Avg_price,PC_change_price,PC_change_vol
0,2003-01-01,879.820007,935.049988,840.340027,855.700012,855.700012,30749580000,867.7600095,,
1,2003-02-01,855.700012,864.640015,806.289978,841.150024,841.150024,25235300000,848.425018,-0.022281496368034694,-0.17932862822841808
2,2003-03-01,841.150024,895.900024,788.900024,848.179993,848.179993,30080030000,844.6650085,-0.00443175227065266,0.19198226294119744
3,2003-04-01,848.179993,924.23999,847.849976,916.919983,916.919983,29669610000,882.549988,0.044852076407519356,-0.013644268306913258
4,2003-05-01,916.919983,965.380005,902.830017,963.590027,963.590027,30952100000,940.255005,0.06538441763595605,0.0432257114266079
5,2003-06-01,963.590027,1015.330017,963.590027,974.5,974.5,31219400000,969.0450135,0.030619362137827705,0.008635924541468915
6,2003-07-01,974.5,1015.409973,962.099976,990.309998,990.309998,31553200000,982.404999,0.01378675429301922,0.010692069674625394
7,2003-08-01,990.309998,1011.01001,960.840027,1008.01001,1008.01001,24881470000,999.160004,0.01705508931352657,-0.21144384721676407
8,2003-09-01,1008.01001,1040.290039,990.359985,995.969971,995.969971,29940110000,1001.9899905,0.00283236567583826,0.20330953114908404
9,2003-10-01,995.969971,1053.790039,995.969971,1050.709961,1050.709961,32298500000,1023.339966,0.021307573630896495,0.07877025167910205
10,2003-11-01,1050.709961,1063.650024,1031.199951,1058.199951,1058.199951,24463220000,1054.454956,0.030405330617176377,-0.2425895939439912
11,2003-12-01,1058.199951,1112.560059,1053.410034,1111.920044,1111.920044,27839130000,1085.0599975,0.02902451292570905,0.13799941299632673
12,2004-01-01,1111.920044,1155.380005,1105.079956,1131.130005,1131.130005,32820000000,1121.5250245,0.0336064614712699,0.17891615147456116
13,2004-02-01,1131.130005,1158.97998,1124.439941,1144.939941,1144.939941,27985600000,1138.034973,0.014720980931620812,-0.14730042656916514
14,2004-03-01,1144.939941,1163.22998,1087.160034,1126.209961,1126.209961,33597900000,1135.574951,-0.0021616400711439126,0.20054242181693444
15,2004-04-01,1126.209961,1150.569946,1107.22998,1107.300049,1107.300049,31611900000,1116.755005,-0.01657305489472713,-0.05911083728447314
16,2004-05-01,1107.300049,1127.73999,1076.319946,1120.680054,1120.680054,29326400000,1113.9900515,-0.0024758818967639614,-0.0722987229492691
17,2004-06-01,1120.680054,1146.339966,1113.319946,1140.839966,1140.839966,27529500000,1130.76001,0.015053957149275342,-0.06127243712150145
18,2004-07-01,1140.839966,1140.839966,1078.780029,1101.719971,1101.719971,29285600000,1121.2799685,-0.00838377853493419,0.06378975281062134
19,2004-08-01,1101.719971,1109.680054,1060.719971,1104.23999,1104.23999,26586800000,1102.9799805,-0.016320623318082567,-0.09215450596880378
20,2004-09-01,1104.23999,1131.540039,1099.180054,1114.579956,1114.579956,26829870000,1109.409973,0.005829654765887227,0.00914250680788963
21,2004-10-01,1114.579956,1142.050049,1090.290039,1130.199951,1130.199951,31511000000,1122.3899535,0.011699895273971915,0.1744745688294427
22,2004-11-01,1130.199951,1188.459961,1127.599976,1173.819946,1173.819946,30460280000,1152.0099485,0.026390110591808694,-0.033344546348894034
23,2004-12-01,1173.780029,1217.329956,1173.780029,1211.920044,1211.920044,31102500000,1192.8500365,0.035451159126860546,0.02108385083787805
24,2005-01-01,1211.920044,1217.800049,1163.75,1181.27002,1181.27002,31498800000,1196.595032,0.003139535889178773,0.012741741017603087
25,2005-02-01,1181.27002,1212.439941,1180.949951,1203.599976,1203.599976,29297410000,1192.434998,-0.0034765596452852364,-0.06988805922765312
26,2005-03-01,1203.599976,1229.109985,1163.689941,1180.589966,1180.589966,39014150000,1192.094971,-0.00028515348892834465,0.33165866880382944
27,2005-04-01,1180.589966,1191.880005,1136.150024,1156.849976,1156.849976,43424270000,1168.719971,-0.019608337060923648,0.11303898713671834
28,2005-05-01,1156.849976,1199.560059,1146.180054,1191.5,1191.5,39321990000,1174.174988,0.0046675141482629785,-0.09446975159283046
29,2005-06-01,1191.5,1219.589966,1188.300049,1191.329956,1191.329956,40334040000,1191.414978,0.014682641153313372,0.025737507181096377
30,2005-07-01,1191.329956,1245.150024,1183.550049,1234.180054,1234.180054,37464670000,1212.755005,0.01791149800367875,-0.07114015853606531
31,2005-08-01,1234.180054,1245.859985,1201.069946,1220.329956,1220.329956,42030090000,1227.255005,0.01195624832733632,0.12185934108054335
32,2005-09-01,1220.329956,1243.130005,1205.349976,1228.810059,1228.810059,44777510000,1224.5700075,-0.0021878073334889426,0.06536793045173113
33,2005-10-01,1228.810059,1233.339966,1168.199951,1207.01001,1207.01001,49793790000,1217.9100345,-0.005438621686967976,0.11202677415515065
34,2005-11-01,1207.01001,1270.640015,1201.069946,1249.47998,1249.47998,45102870000,1228.244995,0.00848581603504317,-0.09420692821333744
35,2005-12-01,1249.47998,1275.800049,1246.589966,1248.290039,1248.290039,41756130000,1248.8850095,0.016804476781116462,-0.07420237337446597
36,2006-01-01,1248.290039,1294.900024,1245.73999,1280.079956,1280.079956,49211650000,1264.1849975,0.012250918125861278,0.17854911362714887
37,2006-02-01,1280.079956,1297.569946,1253.609985,1280.660034,1280.660034,42859940000,1280.369995,0.012802712840293778,-0.12906923462228964
38,2006-03-01,1280.660034,1310.880005,1268.420044,1294.869995,1294.869995,50905040000,1287.7650145,0.005775689471698366,0.18770674900618153
39,2006-04-01,1302.880005,1318.160034,1280.73999,1310.609985,1310.609985,43308430000,1306.744995,0.014738698664965176,-0.14923099952381924
40,2006-05-01,1310.609985,1326.699951,1245.339966,1270.089966,1270.089966,54312830000,1290.3499755,-0.012546456701753037,0.25409371801286723
41,2006-06-01,1270.050049,1290.680054,1219.290039,1270.199951,1270.199951,54873260000,1270.125,-0.01567402323711675,0.010318556407390298
42,2006-07-01,1270.060059,1280.420044,1224.540039,1276.660034,1276.660034,46348220000,1273.3600465,0.0025470300167306,-0.1553587302813793
43,2006-08-01,1278.530029,1306.73999,1261.300049,1303.819946,1303.819946,50485620000,1291.1749875,0.013990497855627584,0.08926772160829477
44,2006-09-01,1303.800049,1340.280029,1290.930054,1335.849976,1335.849976,49001440000,1319.8250125,0.022189110908562976,-0.029398074144677235
45,2006-10-01,1335.819946,1389.449951,1327.099976,1377.939941,1377.939941,56793620000,1356.8799435,0.02807563930752534,0.15901940840922227
46,2006-11-01,1377.76001,1407.890015,1360.97998,1400.630005,1400.630005,55343930000,1389.1950075,0.023815713508628402,-0.025525578401235913
47,2006-12-01,1400.630005,1431.810059,1385.930054,1418.300049,1418.300049,47578780000,1409.465027,0.014591198061154845,-0.14030716647697408
48,2007-01-01,1418.030029,1441.609985,1403.969971,1438.23999,1438.23999,56686200000,1428.1350095,0.01324614810751176,0.1914176866241631
49,2007-02-01,1437.900024,1461.569946,1389.420044,1406.819946,1406.819946,51844990000,1422.359985,-0.004043752489494567,-0.08540367849670642
50,2007-03-01,1406.800049,1438.890015,1363.97998,1420.859985,1420.859985,67622250000,1413.830017,-0.005997052848755481,0.30431600044671625
51,2007-04-01,1420.829956,1498.02002,1416.369995,1482.369995,1482.369995,57032470000,1451.5999755,0.026714638991852745,-0.156602005996547
52,2007-05-01,1482.369995,1535.560059,1476.699951,1530.619995,1530.619995,64958050000,1506.494995,0.03781690577742779,0.13896610124022332
53,2007-06-01,1530.619995,1540.560059,1484.180054,1503.349976,1503.349976,65322800000,1516.9849855,0.006963176469099372,0.0056151624009649305
54,2007-07-01,1504.660034,1555.900024,1454.25,1455.27002,1455.27002,70337430000,1479.965027,-0.024403641996363076,0.07676691752343745
55,2007-08-01,1455.180054,1503.890015,1370.599976,1473.98999,1473.98999,91381760000,1464.585022,-0.010392140840771356,0.2991910565967508
56,2007-09-01,1473.959961,1538.73999,1439.290039,1526.75,1526.75,57809700000,1500.3549805,0.024423272095978072,-0.3673825060931197
57,2007-10-01,1527.290039,1576.089966,1489.560059,1549.380005,1549.380005,76022580000,1538.335022,0.02531403700699081,0.3150488585825562
58,2007-11-01,1545.790039,1545.790039,1406.099976,1481.140015,1481.140015,86246950000,1513.465027,-0.016166826240272658,0.1344912261593858
59,2007-12-01,1479.630005,1523.569946,1435.650024,1468.359985,1468.359985,64821670000,1473.994995,-0.026079249467850403,-0.24841782810870414
60,2008-01-01,1467.969971,1471.77002,1270.050049,1378.550049,1378.550049,98475340000,1423.26001,-0.03442005242358374,0.5191731407105062
61,2008-02-01,1378.599976,1396.02002,1316.75,1330.630005,1330.630005,78536130000,1354.6149905,-0.04823083555899248,-0.20247921967063023
62,2008-03-01,1330.449951,1359.680054,1256.97998,1322.699951,1322.699951,93189170000,1326.574951,-0.020699637680556084,0.18657705695455074
63,2008-04-01,1326.410034,1404.569946,1324.349976,1385.589966,1385.589966,85978630000,1356.0,0.022181218617024785,-0.07737530015558675
64,2008-05-01,1385.969971,1440.23999,1373.069946,1400.380005,1400.380005,80990480000,1393.174988,0.027415182890855445,-0.05801616052733104
65,2008-06-01,1399.619995,1404.050049,1272.0,1280.0,1280.0,96614040000,1339.8099975,-0.03830458553997524,0.192906129214199
66,2008-07-01,1276.689941,1292.170044,1200.439941,1267.380005,1267.380005,124980570000,1272.034973,-0.05058554916477997,0.29360670560924684
67,2008-08-01,1269.420044,1313.150024,1247.449951,1282.829956,1282.829956,86266010000,1276.125,0.0032153416272462532,-0.3097646298140583
68,2008-09-01,1287.829956,1303.040039,1106.420044,1166.359985,1166.359985,140007320000,1227.0949705,-0.038421024194338294,0.622972014122364
69,2008-10-01,1164.170044,1167.030029,839.799988,968.75,968.75,159823030000,1066.460022,-0.1309066961903908,0.14153338554012748
70,2008-11-01,968.669983,1007.51001,741.02002,896.23999,896.23999,115660210000,932.4549865,-0.1256540636644699,-0.27632325579110845
71,2008-12-01,888.609985,918.849976,815.690002,903.25,903.25,112884470000,895.9299925,-0.03917078521623627,-0.023999091822503177
72,2009-01-01,902.98999,943.849976,804.299988,825.880005,825.880005,112090640000,864.4349975,-0.035153410716965164,-0.007032233929078109
73,2009-02-01,823.090027,875.01001,734.52002,735.090027,735.090027,124492210000,779.090027,-0.09872919392068001,0.11063876519930656
74,2009-03-01,729.570007,832.97998,666.789978,797.869995,797.869995,161843640000,763.720001,-0.019728177062135515,0.30003025892142166
75,2009-04-01,793.590027,888.700012,783.320007,872.809998,872.809998,138855320000,833.2000125,0.09097576521372253,-0.1420403050747005
76,2009-05-01,872.73999,930.169983,866.099976,919.140015,919.140015,131614940000,895.9400025,0.0753000348760797,-0.05214333883642341
77,2009-06-01,923.26001,956.22998,888.859985,919.320007,919.320007,112653150000,921.2900085,0.02829431204016366,-0.1440701944627259
78,2009-07-01,920.820007,996.679993,869.320007,987.47998,987.47998,106635790000,954.1499934999999,0.03566736282476457,-0.053414928921206375
79,2009-08-01,990.219971,1039.469971,978.51001,1020.619995,1020.619995,116059270000,1005.419983,0.05373367903292876,0.0883707055576744
80,2009-09-01,1019.52002,1080.150024,991.969971,1057.079956,1057.079956,112295490000,1038.299988,0.03270275661509304,-0.03242980935516827
81,2009-10-01,1054.910034,1101.359985,1019.950012,1036.189941,1036.189941,113410990000,1045.5499875,0.006982567257816493,0.009933613540490362
82,2009-11-01,1036.180054,1113.689941,1029.380005,1095.630005,1095.630005,84981530000,1065.9050295,0.019468262869641047,-0.2506764115188484
83,2009-12-01,1098.890015,1130.380005,1085.890015,1115.099976,1115.099976,89515330000,1106.9949955,0.03854936871746884,0.05335041626103931
84,2010-01-01,1116.560059,1150.449951,1071.589966,1073.869995,1073.869995,90947580000,1095.215027,-0.01064139273247509,0.01600005272839859
85,2010-02-01,1073.890015,1112.420044,1044.5,1104.48999,1104.48999,84561340000,1089.1900025,-0.005501225194566265,-0.0702189107175804
86,2010-03-01,1105.359985,1180.689941,1105.359985,1169.430054,1169.430054,103683550000,1137.3950195,0.044257674867888806,0.2261341885074196
87,2010-04-01,1171.22998,1219.800049,1170.689941,1186.689941,1186.689941,116741910000,1178.9599605,0.03654398013653346,0.12594437594005992
88,2010-05-01,1188.579956,1205.130005,1040.780029,1089.410034,1089.410034,127662780000,1138.994995,-0.03389849260279443,0.09354712459304461
89,2010-06-01,1087.300049,1131.22998,1028.329956,1030.709961,1030.709961,110106750000,1059.005005,-0.07022857023177703,-0.1375187819033864
90,2010-07-01,1031.099976,1120.949951,1010.909973,1101.599976,1101.599976,94778110000,1066.349976,0.0069357283160337724,-0.1392161697625259
91,2010-08-01,1107.530029,1129.23999,1039.699951,1049.329956,1049.329956,85738250000,1078.4299925,0.011328378836105546,-0.09537919673646161
92,2010-09-01,1049.719971,1157.160034,1049.719971,1141.199951,1141.199951,79589450000,1095.459961,0.01579144554438938,-0.07171594941580917
93,2010-10-01,1143.48999,1196.140015,1131.869995,1183.26001,1183.26001,89536270000,1163.375,0.061996824546652674,0.12497661436283326
94,2010-11-01,1185.709961,1227.079956,1173.0,1180.550049,1180.550049,87151070000,1183.130005,0.016980771462340158,-0.026639483641657174
95,2010-12-01,1186.599976,1262.599976,1186.599976,1257.640015,1257.640015,80984530000,1222.1199955,0.03295495028883151,-0.07075690522216194
96,2011-01-01,1257.619995,1302.670044,1257.619995,1286.119995,1286.119995,92164940000,1271.869995,0.04070794986023127,0.1380561201009625
97,2011-02-01,1289.140015,1344.069946,1289.140015,1327.219971,1327.219971,59223660000,1308.179993,0.028548513718180724,-0.3574166054901137
98,2011-03-01,1328.640015,1332.280029,1249.050049,1325.829956,1325.829956,89507640000,1327.2349855,0.014566032657556495,0.5113493492296829
99,2011-04-01,1329.47998,1364.560059,1294.699951,1363.609985,1363.609985,77364810000,1346.5449825,0.014549041587180242,-0.13566249763707322
100,2011-05-01,1365.209961,1370.579956,1311.800049,1345.199951,1345.199951,81708980000,1355.204956,0.0064312545162225785,0.056151756851726256
101,2011-06-01,1345.199951,1345.199951,1258.069946,1320.640015,1320.640015,86122730000,1332.919983,-0.016443987237012462,0.054017930464925645
102,2011-07-01,1320.640015,1356.47998,1282.859985,1292.280029,1292.280029,81102170000,1306.460022,-0.01985112485180592,-0.05829541167587233
103,2011-08-01,1292.589966,1307.380005,1101.540039,1218.890015,1218.890015,108419170000,1255.7399905,-0.038822490275940494,0.33682206037150425
104,2011-09-01,1219.119995,1229.290039,1114.219971,1131.420044,1131.420044,102786820000,1175.2700195,-0.06408171405607552,-0.05194976128299082
105,2011-10-01,1131.209961,1292.660034,1074.77002,1253.300049,1253.300049,98063670000,1192.255005,0.014451985686851763,-0.045950930284641554
106,2011-11-01,1251.0,1277.550049,1158.660034,1246.959961,1246.959961,84275050000,1248.9799805,0.04757788833941614,-0.14060885137176693
107,2011-12-01,1246.910034,1269.369995,1202.369995,1257.599976,1257.599976,74742430000,1252.255005,0.0026221593229131604,-0.11311319305061225
108,2012-01-01,1258.859985,1333.469971,1258.859985,1312.410034,1312.410034,79567560000,1285.6350095,0.02665591622051456,0.06455677183629165
109,2012-02-01,1312.449951,1378.040039,1312.449951,1365.680054,1365.680054,78385710000,1339.0650025,0.041559223733942635,-0.014853415135515026
110,2012-03-01,1365.900024,1419.150024,1340.030029,1408.469971,1408.469971,83899660000,1387.1849975,0.03593551837301492,0.07034381649410333
111,2012-04-01,1408.469971,1422.380005,1357.380005,1397.910034,1397.910034,74761710000,1403.1900025,0.01153775814245712,-0.1089152208721704
112,2012-05-01,1397.859985,1415.319946,1291.97998,1310.329956,1310.329956,86920490000,1354.0949705,-0.034988156922818404,0.16263378673387754
113,2012-06-01,1309.869995,1363.459961,1266.73999,1362.160034,1362.160034,81582440000,1336.0150145,-0.013352059045994395,-0.061413022407029685
114,2012-07-01,1362.329956,1391.73999,1325.410034,1379.319946,1379.319946,73103810000,1370.824951,0.026055048874602336,-0.10392714412562311
115,2012-08-01,1379.319946,1426.680054,1354.650024,1406.579956,1406.579956,70283810000,1392.949951,0.016139916321088323,-0.03857528082325668
116,2012-09-01,1406.540039,1474.51001,1396.560059,1440.670044,1440.670044,69784280000,1423.6050415,0.02200731654284678,-0.007107326708668753
117,2012-10-01,1440.900024,1470.959961,1403.280029,1412.160034,1412.160034,71752320000,1426.530029,0.0020546341258514313,0.02820176693089045
118,2012-11-01,1412.199951,1434.27002,1343.349976,1416.180054,1416.180054,71489310000,1414.1900025,-0.00865037976708447,-0.0036655260763693775
119,2012-12-01,1416.339966,1448.0,1398.109985,1426.189941,1426.189941,66388180000,1421.2649535,0.005002829172524896,-0.07135514386696416
120,2013-01-01,1426.189941,1509.939941,1426.189941,1498.109985,1498.109985,75848510000,1462.149963,0.028766634538702162,0.14250021615293565
121,2013-02-01,1498.109985,1530.939941,1485.01001,1514.680054,1514.680054,69273480000,1506.3950195,0.030260272625674524,-0.08668634360780456
122,2013-03-01,1514.680054,1570.280029,1501.47998,1569.189941,1569.189941,68527110000,1541.9349975,0.02359273466782729,-0.010774253004179954
123,2013-04-01,1569.180054,1597.569946,1536.030029,1597.569946,1597.569946,77098000000,1583.375,0.026875323906123346,0.12507298206505427
124,2013-05-01,1597.550049,1687.180054,1581.280029,1630.73999,1630.73999,76447250000,1614.1450195,0.019433185126707185,-0.008440556175257465
125,2013-06-01,1631.709961,1654.189941,1560.329956,1606.280029,1606.280029,74946790000,1618.994995,0.0030046714771033173,-0.019627390128487292
126,2013-07-01,1609.780029,1698.780029,1604.569946,1685.72998,1685.72998,68106820000,1647.7550045,0.017764112667933245,-0.0912643490134801
127,2013-08-01,1689.420044,1709.670044,1627.469971,1632.969971,1632.969971,64802810000,1661.1950075,0.008156554198467272,-0.04851217543265124
128,2013-09-01,1635.949951,1729.859985,1633.410034,1681.550049,1681.550049,66174410000,1658.75,-0.001471836532713619,0.02116574883095347
129,2013-10-01,1682.410034,1775.219971,1646.469971,1756.540039,1756.540039,76647400000,1719.4750365,0.03660891424265259,0.15826344352749047
130,2013-11-01,1758.699951,1813.550049,1746.199951,1805.810059,1805.810059,63628190000,1782.255005,0.03651112529542094,-0.16985846878041524
131,2013-12-01,1806.550049,1849.439941,1767.98999,1848.359985,1848.359985,64958820000,1827.455017,0.025361136242117055,0.020912586072305374
132,2014-01-01,1845.859985,1850.839966,1770.449951,1782.589966,1782.589966,75871910000,1814.2249755,-0.00723959899254799,0.16800012684959487
133,2014-02-01,1782.680054,1867.920044,1737.920044,1859.449951,1859.449951,69725590000,1821.0650025,0.0037702198417342665,-0.08100916399758487
134,2014-03-01,1857.680054,1883.969971,1834.439941,1872.339966,1872.339966,71885030000,1865.01001,0.024131487585380675,0.03097055184473878
135,2014-04-01,1873.959961,1897.280029,1814.359985,1883.949951,1883.949951,71595810000,1878.954956,0.007477142709813162,-0.004023368982387571
136,2014-05-01,1884.390015,1924.030029,1859.790039,1923.569946,1923.569946,63623630000,1903.9799805,0.013318586706982225,-0.11134981223063194
137,2014-06-01,1923.869995,1968.170044,1915.97998,1960.22998,1960.22998,63283380000,1942.0499875,0.019994961811522067,-0.0053478558202353435
138,2014-07-01,1962.290039,1991.390015,1930.670044,1930.670044,1930.670044,66524690000,1946.4800415,0.0022811225398491073,0.05121897724173393
139,2014-08-01,1929.800049,2005.040039,1904.780029,2003.369995,2003.369995,58131140000,1966.585022,0.01032889116320282,-0.12617195209778506
140,2014-09-01,2004.069946,2019.26001,1964.040039,1972.290039,1972.290039,66706000000,1988.1799925,0.010980949340312856,0.14750889110380427
141,2014-10-01,1971.439941,2018.189941,1820.660034,2018.050049,2018.050049,93714040000,1994.744995,0.0033020161779945038,0.40488171978532667
142,2014-11-01,2018.209961,2075.76001,2001.01001,2067.560059,2067.560059,63600190000,2042.88501,0.02413341811643445,-0.32133765655605073
143,2014-12-01,2065.780029,2093.550049,1972.560059,2058.899902,2058.899902,80743820000,2062.3399655000003,0.009523274880753236,0.26955312554883876
144,2015-01-01,2058.899902,2072.360107,1988.119995,1994.98999,1994.98999,77330040000,2026.944946,-0.017162553260911536,-0.04227914904199479
145,2015-02-01,1996.670044,2119.590088,1980.900024,2104.5,2104.5,68775560000,2050.585022,0.011662909763115063,-0.11062298687547556
146,2015-03-01,2105.22998,2117.52002,2039.689941,2067.889893,2067.889893,76675850000,2086.5599365,0.017543732210094923,0.11487060228953425
147,2015-04-01,2067.629883,2125.919922,2048.379883,2085.51001,2085.51001,72060940000,2076.5699465,-0.004787780032217653,-0.060187268872793714
148,2015-05-01,2087.379883,2134.719971,2067.929932,2107.389893,2107.389893,65187730000,2097.384888,0.01002371315981109,-0.09538052098682032
149,2015-06-01,2108.639893,2129.870117,2056.320068,2063.110107,2063.110107,73213980000,2085.875,-0.005487732874329762,0.1231251648124578
150,2015-07-01,2067.0,2132.820068,2044.02002,2103.840088,2103.840088,77920590000,2085.420044,-0.0002181127824054837,0.06428567330993343
151,2015-08-01,2104.48999,2112.659912,1867.01001,1972.180054,1972.180054,84626790000,2038.335022,-0.022578195762273004,0.08606454340245627
152,2015-09-01,1970.089966,2020.859985,1871.910034,1920.030029,1920.030029,79989370000,1945.0599975,-0.0457603992931835,-0.05479848638947549
153,2015-10-01,1919.650024,2094.320068,1893.699951,2079.360107,2079.360107,85844900000,1999.5050655,0.0279914594254052,0.07320385196182942
154,2015-11-01,2080.76001,2116.47998,2019.390015,2080.409912,2080.409912,75943590000,2080.584961,0.040549982542667395,-0.11533952512030418
155,2015-12-01,2082.929932,2104.27002,1993.26001,2043.939941,2043.939941,83649260000,2063.4349365,-0.008242885929425018,0.10146570632228474
156,2016-01-01,2038.199951,2038.199951,1812.290039,1940.23999,1940.23999,92409770000,1989.2199705,-0.03596671001697939,0.1047290794921557
157,2016-02-01,1936.939941,1962.959961,1810.099976,1932.22998,1932.22998,93049560000,1934.5849605,-0.027465544691001265,0.006923402146764352
158,2016-03-01,1937.089966,2072.209961,1937.089966,2059.73999,2059.73999,92639420000,1998.414978,0.032994166088990404,-0.004407758618095561
159,2016-04-01,2056.620117,2111.050049,2033.800049,2065.300049,2065.300049,81124990000,2060.960083,0.0312973559989,-0.12429298456315897
160,2016-05-01,2067.169922,2103.47998,2025.910034,2096.949951,2096.949951,78883600000,2082.0599365,0.010237875868651592,-0.027628847781676152
161,2016-06-01,2093.939941,2120.550049,1991.680054,2098.860107,2098.860107,86852700000,2096.400024,0.006887451820482311,0.10102353340871867
162,2016-07-01,2099.340088,2177.090088,2074.02002,2173.600098,2173.600098,69530250000,2136.470093,0.019113751450710665,-0.19944630391455878
163,2016-08-01,2173.149902,2193.810059,2147.580078,2170.949951,2170.949951,75610310000,2172.0499265,0.016653560289271015,0.0874448171838876
164,2016-09-01,2171.330078,2187.870117,2119.120117,2168.27002,2168.27002,77023620000,2169.800049,-0.0010358313925248124,0.018692027581952778
165,2016-10-01,2164.330078,2169.600098,2114.719971,2126.149902,2126.149902,72915530000,2145.23999,-0.011319042513303911,-0.05333545735710682
166,2016-11-01,2128.679932,2214.100098,2083.790039,2198.810059,2198.810059,88445380000,2163.7449955,0.008626077075880052,0.2129841201181696
167,2016-12-01,2200.169922,2277.530029,2187.439941,2238.830078,2238.830078,75344550000,2219.5,0.02576782597577581,-0.14812339547865586
168,2017-01-01,2251.570068,2300.98999,2245.129883,2278.870117,2278.870117,70576420000,2265.2200924999997,0.02059927573777866,-0.06328433841598363
169,2017-02-01,2285.590088,2371.540039,2271.649902,2363.639893,2363.639893,69260940000,2324.6149905,0.026220365163037895,-0.01863908653910187
170,2017-03-01,2380.129883,2400.97998,2322.25,2362.719971,2362.719971,81664010000,2371.424927,0.020136640558242075,0.17907741361870053
171,2017-04-01,2362.340088,2398.159912,2328.949951,2384.199951,2384.199951,65369860000,2373.2700194999998,0.0007780522499330787,-0.19952669480717394
172,2017-05-01,2388.5,2418.709961,2352.719971,2411.800049,2411.800049,79719460000,2400.1500244999997,0.011326146952997392,0.21951400844364666
173,2017-06-01,2415.649902,2453.820068,2405.699951,2423.409912,2423.409912,81078810000,2419.529907,0.008074446306346027,0.01705167094709372
174,2017-07-01,2431.389893,2484.040039,2407.699951,2470.300049,2470.300049,63348090000,2450.844971,0.01294262323825861,-0.21868500536700033
175,2017-08-01,2477.100098,2490.870117,2417.350098,2471.649902,2471.649902,70784900000,2474.375,0.009600782292810316,0.11739596253020415
176,2017-09-01,2474.419922,2519.439941,2446.550049,2519.360107,2519.360107,66624120000,2496.8900145,0.00909927335185644,-0.05878061563977628
177,2017-10-01,2521.199951,2582.97998,2520.399902,2575.26001,2575.26001,71088550000,2548.2299805000002,0.020561564867438202,0.06700921528119246
178,2017-11-01,2583.209961,2657.73999,2557.449951,2647.580078,2647.580078,73416960000,2615.3950194999998,0.026357526406160858,0.03275365723453355
179,2017-12-01,2645.100098,2694.969971,2605.52002,2673.610107,2673.610107,65531700000,2659.3551024999997,0.016808200165649947,-0.10740379334693237
180,2018-01-01,2683.72998,2872.870117,2682.360107,2823.810059,2823.810059,77318690000,2753.7700194999998,0.03550293712608847,0.17986699566774553
181,2018-02-01,2816.449951,2835.959961,2532.689941,2713.830078,2713.830078,79933970000,2765.1400145,0.0041288832834575125,0.03382468068199293
182,2018-03-01,2715.219971,2801.899902,2585.889893,2640.870117,2640.870117,76803890000,2678.045044,-0.03149749019698323,-0.03915832029861647
183,2018-04-01,2633.449951,2717.48999,2553.800049,2648.050049,2648.050049,70194700000,2640.75,-0.013926219830976062,-0.08605280279423347
184,2018-05-01,2642.959961,2742.23999,2594.620117,2705.27002,2705.27002,76011820000,2674.1149905,0.012634664583925098,0.08287121392355833
185,2018-06-01,2718.699951,2791.469971,2691.98999,2718.370117,2718.370117,77891360000,2718.535034,0.01661111943869483,0.024726943783216875
186,2018-07-01,2704.949951,2848.030029,2698.949951,2816.290039,2816.290039,64898300000,2760.619995,0.0154807499162801,-0.16681002873746203
187,2018-08-01,2821.169922,2916.5,2796.340088,2901.52002,2901.52002,69523070000,2861.344971,0.03648636037644869,0.07126180500875987
188,2018-09-01,2896.959961,2940.909912,2864.120117,2913.97998,2913.97998,63031510000,2905.4699705000003,0.015421069443639721,-0.09337274662928435
189,2018-10-01,2926.290039,2939.860107,2603.540039,2711.73999,2711.73999,91930980000,2819.0150145,-0.029755928258698376,0.4584924270416495
190,2018-11-01,2717.580078,2815.149902,2631.090088,2760.169922,2760.169922,80620020000,2738.875,-0.028428374481082347,-0.12303752228030203
191,2018-12-01,2790.5,2800.179932,2346.580078,2506.850098,2506.850098,84162180000,2648.675049,-0.03293321199397565,0.04393648128591385
192,2019-01-01,2476.959961,2708.949951,2443.959961,2704.100098,2704.100098,80859870000,2590.5300294999997,-0.021952492632855324,-0.03923745796508598
193,2019-02-01,2702.320068,2813.48999,2681.830078,2784.48999,2784.48999,70638770000,2743.405029,0.05901301963656712,-0.1264051005770848
194,2019-03-01,2798.219971,2860.310059,2722.27002,2834.399902,2834.399902,79159660000,2816.3099365,0.026574605911025253,0.12062625099502723
195,2019-04-01,2848.629883,2949.52002,2848.629883,2945.830078,2945.830078,70090370000,2897.2299805000002,0.02873264868729778,-0.11456959264352576
196,2019-05-01,2952.330078,2954.129883,2750.52002,2752.060059,2752.060059,77250740000,2852.1950685,-0.015544127426234906,0.10215911258565193
197,2019-06-01,2751.530029,2964.149902,2728.810059,2941.76001,2941.76001,71250630000,2846.6450194999998,-0.0019458868929744099,-0.07767058283195734
198,2019-07-01,2971.409912,3027.97998,2952.219971,2980.379883,2980.379883,70599470000,2975.8948975000003,0.04540428367942508,-0.009139006911237136
199,2019-08-01,2980.320068,3013.590088,2822.120117,2926.459961,2926.459961,80269220000,2953.3900145,-0.00756239174270116,0.13696632566788391
200,2019-09-01,2909.01001,3021.98999,2891.850098,2976.73999,2976.73999,74178980000,2942.875,-0.0035603203262607156,-0.07587266949896859
201,2019-10-01,2983.689941,3050.100098,2855.939941,3037.560059,3037.560059,77720640000,3010.625,0.023021704965382493,0.04774479239266973
202,2019-11-01,3050.719971,3154.26001,3050.719971,3140.97998,3140.97998,72410620000,3095.8499755000003,0.028308067427859747,-0.06832187691712266
203,2019-12-01,3143.850098,3247.929932,3070.330078,3230.780029,3230.780029,72325540000,3187.3150635,0.02954441872953734,-0.001174965771595382
204,2020-01-01,3244.669922,3337.77002,3214.639893,3225.52002,3225.52002,77287980000,3235.094971,0.014990644648581603,0.06861255373966098
205,2020-02-01,3235.659912,3393.52002,2855.840088,2954.219971,2954.219971,84436590000,3094.9399415,-0.04332331222309584,0.09249316646650618
206,2020-07-01,3105.919922,3279.98999,3101.169922,3271.120117,3271.120117,96928130000,3188.5200194999998,0.030236476238257873,0.14793989193547488
207,2020-08-01,3288.26001,3514.77002,3284.530029,3500.310059,3500.310059,82466520000,3394.2850344999997,0.06453307921593872,-0.14919930880746385
208,2020-09-01,3507.439941,3588.110107,3209.449951,3363.0,3363.0,92310780000,3435.2199705000003,0.01205995830754695,0.1193728072919774
209,2020-10-01,3385.870117,3549.850098,3233.939941,3269.959961,3269.959961,89938980000,3327.915039,-0.031236698791193257,-0.02569364054772368
210,2020-11-01,3296.199951,3645.98999,3279.73999,3621.629883,3621.629883,101247180000,3458.914917,0.039363949038604074,0.12573191290361532
211,2020-12-01,3645.870117,3760.199951,3633.399902,3756.070068,3756.070068,96375680000,3700.9700924999997,0.06998008951025021,-0.04811492033654666
212,2021-01-01,3764.610107,3870.899902,3662.709961,3714.23999,3714.23999,106117800000,3739.4250485000002,0.010390507093783141,0.10108483800062422
213,2021-02-01,3731.169922,3950.429932,3725.620117,3811.149902,3811.149902,99082320000,3771.159912,0.0084865622624873,-0.06629877362704466
214,2021-03-01,3842.51001,3994.409912,3723.340088,3972.889893,3972.889893,122371150000,3907.6999514999998,0.03620637753003344,0.23504526337292062
215,2021-04-01,3992.780029,4218.779785,3992.780029,4181.169922,4181.169922,83124090000,4086.9749755000003,0.04587737703125964,-0.3207215099310581
216,2021-05-01,4191.97998,4238.040039,4056.879883,4204.109863,4204.109863,88321860000,4198.0449215,0.027176566205035627,0.0625302484514417
217,2021-06-01,4216.52002,4302.430176,4164.399902,4297.5,4297.5,102544180000,4257.01001,0.014045845054685915,0.16102831167731296
218,2021-07-01,4300.72998,4429.970215,4233.129883,4395.259766,4395.259766,84255620000,4347.994873,0.021372950213006354,-0.1783481032273114
219,2021-08-01,4406.859863,4537.359863,4367.72998,4522.680176,4522.680176,80500760000,4464.7700195,0.02685724107568425,-0.04456509844684545
220,2021-09-01,4528.799805,4545.850098,4305.910156,4307.540039,4307.540039,85528860000,4418.169922,-0.010437289557238688,0.062460279878103014
221,2021-10-01,4317.160156,4608.080078,4278.939941,4605.379883,4605.379883,80253600000,4461.2700195,0.00975519236718024,-0.061678128294940446
222,2021-11-01,4610.620117,4743.830078,4560.0,4567.0,4567.0,88268840000,4588.8100585,0.028588280566414714,0.09987389973783108
223,2021-12-01,4602.819824,4808.930176,4495.120117,4766.180176,4766.180176,92750180000,4684.5,0.020852887846763292,0.05076921822015561
224,2022-01-01,4778.140137,4818.620117,4222.620117,4515.549805,4515.549805,95562890000,4646.844971,-0.008038217312413184,0.030325655432690266
225,2022-02-01,4519.569824,4595.310059,4114.649902,4373.939941,4373.939941,92667710000,4446.754882499999,-0.04305934235997153,-0.030296069949328656
226,2022-03-01,4363.140137,4637.299805,4157.870117,4530.410156,4530.410156,123546260000,4446.7751465,4.5570310341205365e-06,0.3332180108907407
227,2022-04-01,4540.319824,4593.450195,4124.279785,4131.930176,4131.930176,90367840000,4336.125,-0.02488323399645953,-0.268550581782079
228,2022-05-01,4130.609863,4307.660156,3810.320068,4132.149902,4132.149902,108860390000,4131.379882499999,-0.04721845368848927,0.20463640604887756
229,2022-06-01,4149.779785,4177.509766,3636.870117,3785.379883,3785.379883,106116710000,3967.579834,-0.039647781893365826,-0.025203657638926336
230,2022-07-01,3781.0,4140.149902,3721.560059,4130.290039,4130.290039,81688320000,3955.6450195,-0.0030080842728670604,-0.23020304719209633
231,2022-08-01,4112.379883,4325.279785,3954.530029,3955.0,3955.0,92252350000,4033.6899415,0.019730011569608588,0.1293211808003886
232,2022-09-01,3936.72998,4119.279785,3584.129883,3585.620117,3585.620117,94241020000,3761.1750485000002,-0.06755970264255363,0.021556849229315025
233,2022-10-01,3609.780029,3905.419922,3491.580078,3871.97998,3871.97998,95823760000,3740.8800045,-0.005395931786821332,0.016794597511784148
234,2022-11-01,3901.790039,4080.110107,3698.149902,4080.110107,4080.110107,92671910000,3990.950073,0.06684792567502419,-0.03289215534852734
235,2022-12-01,4087.139893,4100.959961,3764.48999,3839.5,3839.5,85249330000,3963.3199465,-0.006923195227854755,-0.08009525216432897
236,2023-01-01,3853.290039,4094.209961,3794.330078,4076.600098,4076.600098,80763810000,3964.9450685,0.0004100405775808022,-0.05261648390667704
237,2023-02-01,4070.070068,4195.439941,3943.080078,3970.149902,3970.149902,80392280000,4020.109985,0.013913160345716878,-0.004600203977499328
238,2023-03-01,3963.340088,4110.75,3808.860107,4109.310059,4109.310059,113094800000,4036.3250735,0.004033493750296011,0.40678682082408907
239,2023-04-01,4102.200195,4170.060059,4049.350098,4169.47998,4169.47998,70861260000,4135.840087500001,0.024654856134693957,-0.37343485288448275
240,2023-05-01,4166.790039,4231.100098,4048.280029,4179.830078,4179.830078,88929200000,4173.3100585,0.009059821029649404,0.25497627335443934
241,2023-06-01,4183.029785,4458.47998,4171.640137,4450.379883,4450.379883,87983140000,4316.704834,0.03435996211399157,-0.010638350508044602
242,2023-07-01,4450.47998,4607.069824,4385.049805,4588.959961,4588.959961,75063200000,4519.7199705,0.04703011771872289,-0.14684563428856937
243,2023-08-01,4578.830078,4584.620117,4335.310059,4507.660156,4507.660156,86840820000,4543.245117,0.005205000896858133,0.1569027166441079
244,2023-09-01,4530.600098,4541.25,4238.629883,4288.049805,4288.049805,73482980000,4409.3249515,-0.02947676430639756,-0.15381982804860664
245,2023-10-01,4284.52002,4393.569824,4103.779785,4117.370117,4117.370117,71792290000,4200.9450685,-0.04725890817575404,-0.02300791285274495
246,2023-10-27,4152.930176,4156.700195,4103.779785,4117.370117,4117.370117,2809221292,4135.1501465,-0.01566193342858752,-0.960870153438482
